ID,店铺名,配送类型,店铺标签,店铺评分,月售,人均,起送价,配送价,经度,纬度,platform_distance_m,network_distance_m,actual_eta_min,expected_eta_min,time_residual_min,time_effect,monthly_sales_lb,avg_spend_yuan,estimated_gmv_yuan
239978087,天厨妙香素食餐厅(清华店),蜂鸟准时达,,4.7,500+,人均¥42,20,0.0,116.329179,39.995263,905,1657.4,25,26.32,-1.32,Near expected,500.0,42.0,21000.0
577530187,瑞幸咖啡(财智国际大厦店),商家自配送,品牌,4.6,800+,,20,0.0,116.333947,39.987914,602,830.5,30,23.18,6.82,Extended,800.0,,
1104353091,许记水饺·锅贴·小面(财智大厦店),蜂鸟准时达,品牌,4.8,500+,人均¥16,20,0.0,116.333594,39.988375,633,830.5,21,23.18,-2.18,Compressed,500.0,16.0,8000.0
20018877300,辣当红·新疆炒米粉·手抓饭·烤包子(中关村大融城店),蜂鸟准时达,,4.8,900+,人均¥20,0,0.0,116.312173,39.981533,3121,3135.8,38,37.15,0.85,Near expected,900.0,20.0,18000.0
20016800304,正湘合(银谷店),蜂鸟准时达,,4.8,100+,人均¥22,20,0.0,116.334141,39.987445,723,784.0,20,23.02,-3.02,Compressed,100.0,22.0,2200.0
20024434260,人民公社大食堂(人民大学店)(第6档口老八美食城),蜂鸟准时达,,4.8,300+,人均¥22,20,0.0,116.323,39.968048,3703,3675.8,36,40.41,-4.41,Compressed,300.0,22.0,6600.0
20018783352,筷子婆婆水煮鱼·正宗川菜(五道口店),蜂鸟准时达,,4.3,100+,人均¥24,20,0.8,116.338588,39.993108,570,435.6,20,21.82,-1.82,Near expected,100.0,24.0,2400.0
20005096128,徐州肉筋卷饼,蜂鸟准时达,,4.9,2000+,人均¥13,20,0.0,116.327869,39.984454,1447,1684.4,24,26.47,-2.47,Compressed,2000.0,13.0,26000.0
20022512348,邕城香·老友鸡煲(五道口店),蜂鸟准时达,,4.4,500+,人均¥21,20,3.8,116.336877,39.993817,524,568.6,21,22.28,-1.28,Near expected,500.0,21.0,10500.0
20003773065,眉州东坡(清华店),蜂鸟准时达,品牌,5.0,2000+,人均¥32,20,0.0,116.334747,39.996555,855,932.1,24,23.54,0.46,Near expected,2000.0,32.0,64000.0
360598192,鱼籽村秘制拌饭(五道口店),蜂鸟准时达,品牌,4.9,4000+,人均¥14,19,0.0,116.340328,39.999495,1449,1406.5,20,25.28,-5.28,Compressed,4000.0,14.0,56000.0
233328359,汉堡王(五道口店19195),蜂鸟准时达,,4.7,3000+,人均¥23,20,4.1,116.333992,39.992531,178,205.4,15,21.05,-6.05,Compressed,3000.0,23.0,69000.0
20006443028,袁记云饺(六道口店),蜂鸟准时达,,4.6,2000+,人均¥17,15,0.0,116.352428,39.998349,2357,2395.0,36,31.0,5.0,Extended,2000.0,17.0,34000.0
232770080,云海肴云南菜(五道口购物中心店),蜂鸟准时达,品牌,4.8,6000+,人均¥25,20,0.0,116.339083,39.992028,629,712.1,21,22.77,-1.77,Near expected,6000.0,25.0,150000.0
20007713343,一碗低脂de海南鸡饭(东王庄店),蜂鸟准时达,,4.6,3000+,人均¥14,0,0.8,116.340332,39.997949,1281,1271.6,21,24.78,-3.78,Compressed,3000.0,14.0,42000.0
430836088,拌将麻辣拌·麻辣烫(五道口店),蜂鸟准时达,品牌,5.0,7000+,人均¥13,19,0.0,116.334049,39.988099,717,830.5,33,23.18,9.82,Extended,7000.0,13.0,91000.0
1095220206,1点点(五道口店),蜂鸟准时达,品牌,4.8,8000+,人均¥12,15,3.0,116.335093,39.993036,488,457.6,30,21.9,8.1,Extended,8000.0,12.0,96000.0
20023671439,东北饺子馆(第10号档口食客集汇美食城),蜂鸟准时达,,4.9,2000+,人均¥11,0,0.0,116.351575,40.001525,2568,2577.3,30,32.19,-2.19,Compressed,2000.0,11.0,22000.0
20020351444,老乡鸡(北京学清路店),蜂鸟准时达,品牌,4.9,5000+,人均¥21,25,3.9,116.354039,40.008522,3426,3148.9,36,37.25,-1.25,Near expected,5000.0,21.0,105000.0
1088784399,茶百道(五道口购物中心店),蜂鸟准时达,品牌,4.8,5000+,人均¥11,20,0.0,116.339208,39.992039,638,712.1,24,22.77,1.23,Near expected,5000.0,11.0,55000.0
958960134,小吊梨汤·北京菜·烤鸭(融科店),蜂鸟准时达,品牌,4.9,5000+,人均¥29,20,0.0,116.327001,39.983904,1591,1684.4,29,26.47,2.53,Extended,5000.0,29.0,145000.0
20022760177,茉酸奶(北京五道口购物中心店),蜂鸟准时达,品牌,4.8,4000+,人均¥15,15,0.0,116.339214,39.992033,638,712.1,22,22.77,-0.77,Near expected,4000.0,15.0,60000.0
20020862284,轻禾小厨现炒健康菜·无预制菜(第10号档口利康金桥美食城),蜂鸟准时达,品牌,4.7,6000+,人均¥18,22,0.0,116.333539,39.98815,600,830.5,15,23.18,-8.18,Compressed,6000.0,18.0,108000.0
20015372175,外婆家·外婆送到家(北京中关村鼎好大厦店),蜂鸟准时达,品牌,5.0,6000+,人均¥25,25,0.8,116.314421,39.984401,2584,2645.7,34,32.74,1.26,Near expected,6000.0,25.0,150000.0
801033167,吉野家(成府路店),商家自配送,品牌,4.9,3000+,人均¥28,20,6.0,116.331155,39.993294,540,612.7,30,22.43,7.57,Extended,3000.0,28.0,84000.0
20013773300,薯之缘·砂锅麻酱土豆粉(北京东王庄店),蜂鸟准时达,,4.9,3000+,人均¥19,2,0.0,116.340343,39.999603,1461,1406.5,20,25.28,-5.28,Compressed,3000.0,19.0,57000.0
1094248444,子固路拌粉(北京五道口购物中心店),蜂鸟准时达,品牌,4.6,3000+,人均¥16,0,0.0,116.33903,39.992486,624,712.1,20,22.77,-2.77,Compressed,3000.0,16.0,48000.0
20014879145,吉旺角茶餐厅(第五档口五道口集贸市场),蜂鸟准时达,,4.6,1000+,人均¥15,0,0.1,116.3424,39.975614,2556,2887.4,36,35.02,0.98,Near expected,1000.0,15.0,15000.0
240284343,西贝(星悦荟店),蜂鸟准时达,品牌,4.9,1000+,人均¥43,20,3.1,116.290475,39.997855,4728,4549.2,43,43.8,-0.8,Near expected,1000.0,43.0,43000.0
1094233153,瑞幸咖啡(五道口地铁站店),商家自配送,品牌,4.6,3000+,人均¥10,20,0.0,116.336748,39.99247,384,425.4,30,21.79,8.21,Extended,3000.0,10.0,30000.0
20000166232,蜜雪冰城(第一档口五道口美食城),蜂鸟准时达,品牌,4.7,3000+,,20,0.5,116.336073,39.992984,472,353.3,20,21.55,-1.55,Near expected,3000.0,,
20023395248,六面寿面馆(五道口店),蜂鸟准时达,,5.0,99,人均¥23,15,0.8,116.339086,39.992248,661,712.1,23,22.77,0.23,Near expected,99.0,23.0,2277.0
20024238118,鸭享记,蜂鸟准时达,,5.0,100+,人均¥24,20,0.0,116.336904,39.992254,418,425.4,22,21.79,0.21,Near expected,100.0,24.0,2400.0
1102643262,益禾堂(语言大学西门店),蜂鸟准时达,品牌,4.9,3000+,人均¥11,20,0.1,116.34335,39.995028,1198,1345.8,20,25.06,-5.06,Compressed,3000.0,11.0,33000.0
233130028,星巴克专星送(北京五道口购物中心店),商家自配送,品牌,4.6,1000+,人均¥24,25,6.0,116.338999,39.991447,579,700.1,30,22.73,7.27,Extended,1000.0,24.0,24000.0
237615103,必胜客(五道口店),商家自配送,品牌,4.8,2000+,人均¥32,20,5.0,116.336534,39.993196,456,436.8,40,21.83,18.17,Extended,2000.0,32.0,64000.0
231430112,麦当劳麦乐送(北京华清店),商家自配送,品牌,4.4,2000+,人均¥28,20,6.0,116.332193,39.994336,744,501.2,30,22.05,7.95,Extended,2000.0,28.0,56000.0
20015027418,城外头鲜炒黄牛肉(五道口店),蜂鸟准时达,,4.6,1000+,人均¥22,20,0.0,116.334726,39.996499,852,932.1,20,23.54,-3.54,Compressed,1000.0,22.0,22000.0
264702084,川成元·麻辣香锅(联想桥店),蜂鸟准时达,品牌,5.0,900+,人均¥47,20,0.0,116.334758,39.96864,2755,2987.3,38,35.94,2.06,Extended,900.0,47.0,42300.0
240224132,有薰一心居酒屋(五道口店),蜂鸟准时达,,5.0,100+,人均¥26,15,0.0,116.336505,39.993994,624,647.8,21,22.55,-1.55,Near expected,100.0,26.0,2600.0
20014067280,乐园夜市场(华清嘉园店),蜂鸟准时达,,4.0,700+,人均¥27,15,0.0,116.336875,39.991825,373,0.0,20,20.36,-0.36,Near expected,700.0,27.0,18900.0
321180129,Wagas沃歌斯(北京五道口店),蜂鸟准时达,品牌,4.8,800+,人均¥57,20,0.0,116.339506,39.992517,663,712.1,23,22.77,0.23,Near expected,800.0,57.0,45600.0
20005860446,嬲塞de湘菜馆(五道口店),蜂鸟准时达,,4.9,3000+,人均¥29,20,0.0,116.338696,39.993618,658,568.6,23,22.28,0.72,Near expected,3000.0,29.0,87000.0
1083993181,CoCo都可(五道口购物中心店),蜂鸟准时达,品牌,4.9,5000+,,20,0.0,116.338962,39.991795,712,700.1,23,22.73,0.27,Near expected,5000.0,,
20019447090,湘味印象·湖南湘菜(小锅鲜炒)(五道口店),蜂鸟准时达,,4.9,4000+,人均¥17,0,0.0,116.333999,39.992489,235,205.4,15,21.05,-6.05,Compressed,4000.0,17.0,68000.0
291798110,山西会馆·传承山西菜(中关村店),蜂鸟准时达,,4.8,200+,人均¥28,20,0.0,116.333687,39.987681,680,784.0,20,23.02,-3.02,Compressed,200.0,28.0,5600.0
1110150289,柏拉图咖啡,蜂鸟准时达,,0.0,58,人均¥29,15,0.0,116.325391,39.992851,1013,892.1,20,23.4,-3.4,Compressed,58.0,29.0,1682.0
239946041,沙县小吃(地大店),蜂鸟准时达,,0.0,100+,人均¥22,25,0.0,116.342903,39.986934,1239,1479.0,22,25.56,-3.56,Compressed,100.0,22.0,2200.0
1095912059,虎头军煎饼(北语店),蜂鸟准时达,,5.0,300+,人均¥17,20,1.0,116.343298,39.995072,1192,1345.8,22,25.06,-3.06,Compressed,300.0,17.0,5100.0
20009656380,蜜雪冰城(风味1北京杨记涮涮香餐饮有限公司),蜂鸟准时达,品牌,4.9,600+,,18,3.5,116.34035,39.999371,1437,1406.5,21,25.28,-4.28,Compressed,600.0,,
20004313058,晋状元刀削面,蜂鸟准时达,,4.5,1000+,人均¥12,20,0.0,116.333889,39.984992,1086,1132.1,27,24.27,2.73,Extended,1000.0,12.0,12000.0
20007930097,老回饺子馆(成府路店),蜂鸟准时达,,4.3,70,,17,3.8,116.324599,39.992193,1042,1573.1,23,25.97,-2.97,Compressed,70.0,,
20008752336,库迪咖啡(北京语言大学西门店),蜂鸟准时达,品牌,4.8,3000+,,1,1.8,116.343277,39.995142,1203,1345.8,25,25.06,-0.06,Near expected,3000.0,,
233393205,旺顺阁鱼头泡饼(万柳华联店),蜂鸟准时达,品牌,4.7,500+,人均¥32,20,4.1,116.294848,39.973324,5317,5225.6,48,46.68,1.32,Near expected,500.0,32.0,16000.0
1093943431,菊水亭寿喜烧寿司,蜂鸟准时达,,5.0,66,人均¥39,20,0.0,116.326953,39.984031,1594,1684.4,27,26.47,0.53,Near expected,66.0,39.0,2574.0
551718455,牛濎鸿兰州牛肉面(五道口总店),蜂鸟准时达,,4.2,900+,人均¥18,20,0.0,116.340292,39.999884,1494,1513.3,25,25.69,-0.69,Near expected,900.0,18.0,16200.0
405031107,肴可及脆皮鸡烤肉饭(第7档口吉祥美食城),蜂鸟准时达,,4.7,1000+,人均¥14,0,0.0,116.327895,39.984839,1437,1482.6,25,25.57,-0.57,Near expected,1000.0,14.0,14000.0
542444333,瑞幸咖啡(中科资源大厦店),商家自配送,品牌,4.8,2000+,人均¥10,20,0.0,116.327723,39.984073,1508,1684.4,30,26.47,3.53,Extended,2000.0,10.0,20000.0
1095238165,蘭味香兰州牛肉面(财智国际大厦店),蜂鸟准时达,,4.8,5000+,人均¥11,20,0.3,116.333926,39.987684,712,784.0,25,23.02,1.98,Near expected,5000.0,11.0,55000.0
1108454018,丝路伊兰蘭州牛肉面,蜂鸟准时达,,4.8,100+,人均¥22,40,3.8,116.32447,39.99219,1055,1573.1,25,25.97,-0.97,Near expected,100.0,22.0,2200.0
231452067,麦当劳&麦咖啡(北京成府路店),商家自配送,品牌,4.9,1000+,人均¥26,20,6.0,116.345042,39.992217,1313,1180.5,30,24.45,5.55,Extended,1000.0,26.0,26000.0
1065452222,知味湘·湘菜·水煮鱼(中关村店),蜂鸟准时达,,5.0,100+,人均¥32,15,0.0,116.32708,39.984055,1582,1684.4,27,26.47,0.53,Near expected,100.0,32.0,3200.0
293502439,李先生牛肉面(北京清华大学店),蜂鸟准时达,品牌,4.9,1000+,人均¥21,19,0.0,116.325226,39.998877,1629,1697.5,25,26.52,-1.52,Near expected,1000.0,21.0,21000.0
1057864301,三好韩式嫩豆腐汤(第9号档口上可味美食城),蜂鸟准时达,,4.7,1000+,人均¥11,15,0.0,116.333841,39.983945,1059,1469.8,25,25.52,-0.52,Near expected,1000.0,11.0,11000.0
1114327108,厚府·牛油拌饭(第二档口吉祥厨房美食城大师店),蜂鸟准时达,,5.0,1000+,人均¥15,0,0.0,116.327919,39.984783,1427,1482.6,25,25.57,-0.57,Near expected,1000.0,15.0,15000.0
20002278285,晋华府手擀面,蜂鸟准时达,,5.0,1000+,人均¥15,15,0.0,116.327725,39.984114,1502,1684.4,25,26.47,-1.47,Near expected,1000.0,15.0,15000.0
365020147,一牛餐饮新疆美食(清华园店),蜂鸟准时达,,4.2,200+,人均¥23,15,0.0,116.323974,39.992128,1120,1344.0,25,25.05,-0.05,Near expected,200.0,23.0,4600.0
266390133,辣尚瘾烤鱼(五道口店),蜂鸟准时达,,5.0,600+,人均¥31,20,0.6,116.324017,39.992134,1094,1344.0,30,25.05,4.95,Extended,600.0,31.0,18600.0
648597132,李先生牛肉面(北京中关村店),蜂鸟准时达,品牌,5.0,1000+,人均¥22,19,0.0,116.316959,39.982649,2570,2696.3,39,33.19,5.81,Extended,1000.0,22.0,22000.0
391536118,瑞幸咖啡(世纪科贸大厦店),商家自配送,品牌,4.7,2000+,人均¥10,20,0.0,116.33383,39.984461,1001,1132.1,30,24.27,5.73,Extended,2000.0,10.0,20000.0
20005566314,麦当劳&麦咖啡(北京澜园店),商家自配送,品牌,4.5,2000+,人均¥22,20,6.0,116.324101,39.998439,1737,1962.2,30,28.03,1.97,Near expected,2000.0,22.0,44000.0
20003272361,库迪咖啡(中关村大街邮局大楼店),蜂鸟准时达,品牌,4.8,3000+,,1,1.8,116.315944,39.982194,2671,2727.7,31,33.5,-2.5,Compressed,3000.0,,
305137043,沙野轻食(五道口店),蜂鸟准时达,品牌,4.9,1000+,人均¥20,20,0.0,116.35203,39.999725,2563,2441.0,27,31.27,-4.27,Compressed,1000.0,20.0,20000.0
20014302465,金百万烤鸭(中关村店),蜂鸟准时达,品牌,5.0,1000+,人均¥30,30,0.0,116.318116,39.977186,3259,3270.9,45,38.14,6.86,Extended,1000.0,30.0,30000.0
1107168365,蜜雪冰城(中关村5号),蜂鸟准时达,品牌,4.9,2000+,,20,0.5,116.312568,39.982903,2873,2912.9,36,35.26,0.74,Near expected,2000.0,,
20015877066,湘辣辣·现炒黄牛肉(中关村大融城店),蜂鸟准时达,品牌,5.0,1000+,人均¥36,15,0.0,116.311957,39.981416,3109,3247.3,39,37.97,1.03,Near expected,1000.0,36.0,36000.0
1062783308,麦田归来·四季轻食(中关村店),蜂鸟准时达,品牌,4.9,6000+,人均¥17,15,0.0,116.314454,39.982795,2769,2881.5,34,34.96,-0.96,Near expected,6000.0,17.0,102000.0
1101193184,好适口(知春路店),蜂鸟准时达,,4.9,1000+,人均¥16,20,1.1,116.342857,39.975733,2525,2887.4,33,35.02,-2.02,Compressed,1000.0,16.0,16000.0
20017423344,德湘厨·绝无预制菜(中关村店),蜂鸟准时达,,4.8,6000+,人均¥21,20,0.0,116.307571,39.983883,3236,3203.5,39,37.68,1.32,Near expected,6000.0,21.0,126000.0
1068571367,蔓味轻食·沙拉·健康餐(五道口店),蜂鸟准时达,品牌,4.9,5000+,人均¥17,0,1.0,116.352184,39.999743,2537,2441.0,29,31.27,-2.27,Compressed,5000.0,17.0,85000.0
20012763282,TICLE听刻咖啡(北京海龙大厦店),蜂鸟准时达,品牌,5.0,2000+,人均¥16,20,0.1,116.31535,39.983453,2640,2736.6,32,33.59,-1.59,Near expected,2000.0,16.0,32000.0
20019424176,霸碗盖码饭(北京六道口店),蜂鸟准时达,品牌,4.9,3000+,人均¥15,0,0.0,116.354114,40.001724,2767,2624.0,31,32.56,-1.56,Near expected,3000.0,15.0,45000.0
20022834317,食夫指·手撕烤鸭(中关村店),蜂鸟准时达,,5.0,1000+,人均¥20,15,0.0,116.325525,39.975625,2643,2811.9,30,34.3,-4.3,Compressed,1000.0,20.0,20000.0
233406146,旺顺阁鱼头泡饼(圣熙八号店),蜂鸟准时达,品牌,4.9,700+,人均¥32,20,0.0,116.354168,40.00965,3463,3319.9,37,38.42,-1.42,Near expected,700.0,32.0,22400.0
570861445,超级碗FOODBOWL(新中关店),蜂鸟准时达,品牌,4.9,8000+,人均¥27,30,0.0,116.316007,39.978279,3183,3133.0,32,37.13,-5.13,Compressed,8000.0,27.0,216000.0
1026631408,潇湘阁(中关村五号店),蜂鸟准时达,,4.8,2000+,人均¥42,20,0.6,116.312665,39.98283,2903,2912.9,41,35.26,5.74,Extended,2000.0,42.0,84000.0
20014268203,木桶侠·现炒木桶饭(校园专送店),蜂鸟准时达,,4.5,600+,人均¥10,15,0.0,116.352177,39.999711,2548,2441.0,32,31.27,0.73,Near expected,600.0,10.0,6000.0
233268388,和合谷·现炒更好吃(中关村南路店),蜂鸟准时达,品牌,4.9,5000+,人均¥13,20,0.0,116.318417,39.980962,2622,2729.7,36,33.52,2.48,Extended,5000.0,13.0,65000.0
1092463226,庆丰包子铺(中关村店),蜂鸟准时达,品牌,4.9,4000+,人均¥18,22,0.0,116.318384,39.972466,3559,3632.0,39,40.12,-1.12,Near expected,4000.0,18.0,72000.0
262539487,龙人居·水煮鱼(五道口店),蜂鸟准时达,,5.0,1000+,人均¥51,35,0.1,116.339147,39.991785,713,700.1,23,22.73,0.27,Near expected,1000.0,51.0,51000.0
369901488,咕咕蒸鸡(第8档口庆余年美食城),商家自配送,,4.9,400+,人均¥16,20,3.0,116.325014,39.974046,2841,3030.9,47,36.3,10.7,Extended,400.0,16.0,6400.0
1059606322,撞咖|只有美式的咖啡店(知春东里店),蜂鸟准时达,品牌,5.0,1000+,人均¥22,20,1.1,116.325915,39.975343,2649,2811.9,31,34.3,-3.3,Compressed,1000.0,22.0,22000.0
1017709207,星巴克专星送(北京领展购物广场店),商家自配送,品牌,4.7,1000+,人均¥27,25,6.0,116.313817,39.979517,3237,3333.4,30,38.49,-8.49,Compressed,1000.0,27.0,27000.0
1090018254,津卫·天津煎饼果子(人民大学店),蜂鸟准时达,,4.8,3000+,人均¥15,20,0.0,116.319526,39.967601,4279,4141.8,40,42.56,-2.56,Compressed,3000.0,15.0,45000.0
20023666322,满口香·臭豆腐·烤冷面(风味1北京静泽餐饮有限公司),蜂鸟准时达,,4.9,200+,人均¥20,20,0.0,116.325685,39.975295,2666,2838.3,31,34.55,-3.55,Compressed,200.0,20.0,4000.0
20020940085,花叔·川菜(第11档口庆余年美食城),蜂鸟准时达,,4.9,700+,人均¥15,20,0.0,116.325048,39.974087,2836,3030.9,36,36.3,-0.3,Near expected,700.0,15.0,10500.0
321461326,麻辣诱惑·麻小(中关村店),商家自配送,品牌,4.7,700+,人均¥41,20,0.0,116.331345,39.9718,2597,2718.1,31,33.4,-2.4,Compressed,700.0,41.0,28700.0
707092357,麦田归来·轻食拌饭(五道口店),蜂鸟准时达,,4.8,9000+,人均¥17,15,0.0,116.354149,40.001693,2740,2624.0,32,32.56,-0.56,Near expected,9000.0,17.0,153000.0
20002720246,小滇娘·茶花妹子云南餐厅(北大店),蜂鸟准时达,,4.4,200+,人均¥28,20,0.0,116.304582,39.988508,3618,4084.9,42,42.34,-0.34,Near expected,200.0,28.0,5600.0
20004458227,湘土说·现炒长沙湘味(中关村店),蜂鸟准时达,,4.8,200+,人均¥21,15,4.4,116.312665,39.98283,2903,2912.9,39,35.26,3.74,Extended,200.0,21.0,4200.0
20023331036,霸碗盖码饭(北京知春里店),蜂鸟准时达,品牌,5.0,2000+,人均¥15,0,0.0,116.332816,39.975787,2020,2033.8,30,28.46,1.54,Near expected,2000.0,15.0,30000.0
1109503152,麦当劳麦乐送(北京知春里店),商家自配送,品牌,4.8,1000+,人均¥26,20,6.0,116.331836,39.976105,2065,2033.8,30,28.46,1.54,Near expected,1000.0,26.0,26000.0
1065003018,晋来顺手擀面(风味1北京市口福居火锅城有限责任公司海淀分公司),蜂鸟准时达,,4.9,1000+,人均¥16,28,0.0,116.342936,39.977259,2208,2521.0,30,31.71,-1.71,Near expected,1000.0,16.0,16000.0
1069491052,春莱·老挝咖啡·泰式奶茶(新中关店),蜂鸟准时达,品牌,4.5,1000+,人均¥16,18,1.0,116.315277,39.978335,3193,3333.4,35,38.49,-3.49,Compressed,1000.0,16.0,16000.0
1112679195,猪角·闽南猪脚饭(北京中关村5号店),蜂鸟准时达,品牌,4.8,400+,人均¥25,15,0.9,116.312544,39.982996,2861,2912.9,37,35.26,1.74,Near expected,400.0,25.0,10000.0
1113873066,蜀陶匠·川味现炒(新中关店),蜂鸟准时达,,5.0,1000+,人均¥26,20,0.0,116.315404,39.978389,3184,3117.5,35,37.01,-2.01,Compressed,1000.0,26.0,26000.0
542342366,华莱士·全鸡汉堡(北京海淀大学城店),蜂鸟准时达,品牌,4.9,5000+,人均¥14,20,0.0,116.355681,39.993659,2035,2719.5,31,33.42,-2.42,Compressed,5000.0,14.0,70000.0
236372372,比格比萨(比格花园路店),蜂鸟准时达,品牌,4.9,1000+,人均¥19,30,1.0,116.354737,39.981754,2870,3002.5,37,36.07,0.93,Near expected,1000.0,19.0,19000.0
593647466,老乡鸡(北京新中关店),蜂鸟准时达,品牌,5.0,7000+,人均¥22,25,3.5,116.314945,39.978333,3306,3333.4,33,38.49,-5.49,Compressed,7000.0,22.0,154000.0
366977139,绝味鸭脖(新中关购物中心店),蜂鸟准时达,品牌,4.6,200+,人均¥25,30,0.0,116.316296,39.978302,3191,3133.0,35,37.13,-2.13,Compressed,200.0,25.0,5000.0
20021860147,李记河间府驴肉火烧(风味1北京晟诚投物业管理中心),蜂鸟准时达,,5.0,48,,20,0.8,116.329967,39.97349,2493,2740.6,40,33.63,6.37,Extended,48.0,,
20011295355,不已手製柠檬茶(新中关购物中心店),蜂鸟准时达,,4.7,84,人均¥14,30,0.0,116.315261,39.978311,3197,3418.5,33,38.94,-5.94,Compressed,84.0,14.0,1176.0
20001376103,冯哥·家常炒菜(第6号档口福玉岛美食城),蜂鸟准时达,,5.0,100+,人均¥19,23,0.0,116.352053,39.998552,2394,2463.2,26,31.37,-5.37,Compressed,100.0,19.0,1900.0
1068764112,85度C·面包·蛋糕·饮品(北京知春二店),蜂鸟准时达,品牌,4.8,700+,人均¥21,27,1.1,116.343714,39.976782,2278,2521.0,31,31.71,-0.71,Near expected,700.0,21.0,14700.0
1082982252,Grid Coffee·咖啡(新中关购物中心店),蜂鸟准时达,品牌,5.0,1000+,人均¥23,20,2.4,116.315326,39.978588,3188,3117.5,33,37.01,-4.01,Compressed,1000.0,23.0,23000.0
20018955167,KPRO肯律轻食(花园北路二店),商家自配送,品牌,4.5,1000+,人均¥18,19,0.0,116.354355,39.981897,2773,3002.5,30,36.07,-6.07,Compressed,1000.0,18.0,18000.0
20011480314,肯悦咖啡(海淀黄庄店),商家自配送,品牌,4.3,1000+,人均¥11,20,0.9,116.317684,39.977132,3227,3270.9,30,38.14,-8.14,Compressed,1000.0,11.0,11000.0
20017095111,刘小麻抄手(风味3北京丝雨涛涛商贸中心),蜂鸟准时达,,3.3,100+,人均¥19,20,0.0,116.345664,39.979319,2318,2451.5,34,31.31,2.69,Extended,100.0,19.0,1900.0
1061710415,Peet's Coffee皮爷咖啡(北京中关村鼎好店),蜂鸟准时达,品牌,5.0,2000+,人均¥26,30,4.9,116.313844,39.984379,2598,2740.1,31,33.62,-2.62,Compressed,2000.0,26.0,52000.0
1109310011,Manner Coffee(北京知春嘉园店),蜂鸟准时达,品牌,4.8,1000+,人均¥18,25,4.9,116.346285,39.976726,2515,2699.2,36,33.22,2.78,Extended,1000.0,18.0,18000.0
20013587017,啊花家·疙瘩汤(风味1北京增益健丰餐饮管理有限公司),蜂鸟准时达,,4.9,300+,人均¥20,25,0.0,116.317421,39.983832,2412,2534.4,49,31.81,17.19,Extended,300.0,20.0,6000.0
20011237483,LAVAZZA拉瓦萨咖啡(中关村鼎好店),蜂鸟准时达,品牌,4.9,2000+,人均¥16,23,1.1,116.314066,39.983553,2697,2826.6,32,34.44,-2.44,Compressed,2000.0,16.0,32000.0
1109459104,油梨树AvocadoTree(中关村领展广场店),蜂鸟准时达,,4.8,2000+,人均¥31,20,0.0,116.313673,39.979598,3220,3333.4,37,38.49,-1.49,Near expected,2000.0,31.0,62000.0
20015247333,遇见小面(北京中关村5号店),蜂鸟准时达,品牌,5.0,300+,人均¥18,20,0.1,116.313344,39.98277,2851,2938.0,37,35.5,1.5,Near expected,300.0,18.0,5400.0
20012446473,小菜故事·中式健康餐(风味8北京双星艺洁美食中心),蜂鸟准时达,,4.6,800+,人均¥17,25,0.0,116.353069,39.977239,3206,3417.0,36,38.93,-2.93,Compressed,800.0,17.0,13600.0
20016364047,Grid Coffee·咖啡(大融城店),蜂鸟准时达,品牌,4.9,1000+,人均¥23,20,0.6,116.312805,39.980983,3025,3135.8,35,37.15,-2.15,Compressed,1000.0,23.0,23000.0
235652006,吉野家(学院路店),商家自配送,品牌,5.0,3000+,人均¥30,20,6.0,116.355666,39.98178,2996,3584.6,30,39.82,-9.82,Compressed,3000.0,30.0,90000.0
20015191276,喜禾年·健康家常菜·新中式轻食(第5号档口渝源居美食城),蜂鸟准时达,,4.8,2000+,人均¥17,20,0.0,116.352184,39.999743,2537,2441.0,27,31.27,-4.27,Compressed,2000.0,17.0,34000.0
360518328,鱼籽村秘制拌饭(北大南门店),蜂鸟准时达,品牌,4.6,2000+,人均¥16,19,0.0,116.310569,39.986303,2918,2790.9,30,34.1,-4.1,Compressed,2000.0,16.0,32000.0
238936009,赛百味·三明治(清华科技园店),蜂鸟准时达,,4.8,4000+,人均¥20,15,0.0,116.331957,39.993444,494,470.0,15,21.94,-6.94,Compressed,4000.0,20.0,80000.0
20023073042,HotPotato薯条专门店(五道口店),蜂鸟准时达,,5.0,2000+,人均¥19,25,0.0,116.340584,39.999318,1451,1406.5,22,25.28,-3.28,Compressed,2000.0,19.0,38000.0
1105830381,鲜牛记潮汕牛肉火锅(中关村店),蜂鸟准时达,,3.8,100+,人均¥21,12,0.0,116.313032,39.982987,2844,2912.9,50,35.26,14.74,Extended,100.0,21.0,2100.0
20015771379,鲍师傅糕点|0.99元咖啡(中关村大融城店),蜂鸟准时达,品牌,4.8,500+,,30,1.7,116.311902,39.981766,3048,3154.7,39,37.3,1.7,Near expected,500.0,,
281123304,DQ.蛋糕.冰淇淋(新中关购物中心B1店),蜂鸟准时达,品牌,5.0,700+,,20,2.7,116.315511,39.978434,3176,3117.5,32,37.01,-5.01,Compressed,700.0,,
321053152,Wagas沃歌斯(北京新中关村店),蜂鸟准时达,品牌,4.7,900+,人均¥53,20,0.7,116.315279,39.978314,3322,3418.5,38,38.94,-0.94,Near expected,900.0,53.0,47700.0
1104747484,gaga(新中关购物中心店),蜂鸟准时达,品牌,4.9,2000+,人均¥50,20,4.6,116.315261,39.978311,3197,3418.5,43,38.94,4.06,Extended,2000.0,50.0,100000.0
20021647293,来菜·湖北头牌藕汤代购(中关村大融城),商家自配送,,4.0,100+,人均¥69,38,6.0,116.311842,39.981741,2988,3154.7,60,37.3,22.7,Extended,100.0,69.0,6900.0
20015625359,德罗心DELORSIM(中关村ARTPARK大融城店),商家自配送,品牌,5.0,1000+,,0,5.0,116.312173,39.981533,3121,3135.8,40,37.15,2.85,Extended,1000.0,,
20015960228,九零杂粮煎饼.烤冷面(风味1北京宇祥福晟餐厅),蜂鸟准时达,,4.7,300+,人均¥10,25,0.0,116.351022,39.970416,3579,3855.8,39,41.39,-2.39,Compressed,300.0,10.0,3000.0
1102691203,农耕记·湖南土菜(第16档口京食美食城),蜂鸟准时达,,5.0,9999+,人均¥21,15,0.0,116.351082,40.010809,3292,3363.8,35,38.65,-3.65,Compressed,9999.0,21.0,209979.0
676374470,田老师红烧肉(学清路店),蜂鸟准时达,品牌,4.8,1000+,人均¥16,35,0.3,116.352684,40.014539,3924,3842.0,39,41.32,-2.32,Compressed,1000.0,16.0,16000.0
1108329124,霸王茶姬(1733商业中心店),蜂鸟准时达,品牌,5.0,3000+,人均¥17,20,1.7,116.34343,39.966698,3719,4175.9,42,42.68,-0.68,Near expected,3000.0,17.0,51000.0
814484402,喝汤时间(第10号档口大学城美食城),蜂鸟准时达,品牌,4.9,1000+,人均¥19,15,0.0,116.353092,40.012244,3769,3766.8,37,40.94,-3.94,Compressed,1000.0,19.0,19000.0
264408217,好适口(双清苑店),蜂鸟准时达,品牌,4.9,1000+,人均¥15,20,4.6,116.343186,40.014875,3279,3252.2,38,38.01,-0.01,Near expected,1000.0,15.0,15000.0
1107252114,超级碗FOODBOWL(1733店),蜂鸟准时达,品牌,5.0,6000+,人均¥22,30,0.0,116.343032,39.966601,3685,3844.7,41,41.33,-0.33,Near expected,6000.0,22.0,132000.0
805293148,蓟门里早点(风味2北京宇祥福晟餐厅),蜂鸟准时达,,4.9,2000+,人均¥13,19,0.0,116.350989,39.970425,3579,3855.8,41,41.39,-0.39,Near expected,2000.0,13.0,26000.0
20014755215,蜜雪冰城(大钟寺店),蜂鸟准时达,品牌,4.9,1000+,,20,4.0,116.341827,39.964993,3768,3782.4,45,41.03,3.97,Extended,1000.0,,
321142407,味多美生日蛋糕(苏州街新店),蜂鸟准时达,品牌,4.7,400+,,30,2.3,116.30587,39.976048,4172,4167.2,34,42.66,-8.66,Compressed,400.0,,
232746201,田老师红烧肉(中关村图书大厦店),蜂鸟准时达,品牌,5.0,1000+,人均¥17,20,0.0,116.304905,39.984104,3379,3437.2,39,39.03,-0.03,Near expected,1000.0,17.0,17000.0
289997439,巴蜀王婆大虾(知春路店),蜂鸟准时达,,0.0,84,,20,0.0,116.324519,39.975963,2671,2803.8,35,34.22,0.78,Near expected,84.0,,
20008321369,和街肉饼(知春里店),蜂鸟准时达,,4.8,100+,人均¥20,25,4.1,116.325443,39.973571,2900,3030.9,37,36.3,0.7,Near expected,100.0,20.0,2000.0
20015679081,吉屋出猪·金猪脂渣(北京中关村店),蜂鸟准时达,,5.0,400+,人均¥30,15,0.0,116.311646,39.981773,3098,3154.7,43,37.3,5.7,Extended,400.0,30.0,12000.0
686306099,湘味浓木桶饭,蜂鸟准时达,,4.3,300+,人均¥22,15,1.0,116.307524,39.984207,3189,3203.5,37,37.68,-0.68,Near expected,300.0,22.0,6600.0
264969232,汉霸汉堡·炸鸡奶茶(农大店),蜂鸟准时达,,4.7,300+,人均¥18,35,0.0,116.359927,40.001398,3239,3362.4,40,38.64,1.36,Near expected,300.0,18.0,5400.0
1109860284,Fish沸时·烤全鱼·烤鱼饭(圣熙店),蜂鸟准时达,,3.4,100+,人均¥24,15,0.0,116.355495,40.00828,3396,3609.1,45,39.96,5.04,Extended,100.0,24.0,2400.0
1095622344,正宗东北烤冷面手抓饼特色小吃(农大南门店),蜂鸟准时达,,4.9,300+,人均¥19,25,0.0,116.359631,40.001467,3213,3028.4,33,36.28,-3.28,Compressed,300.0,19.0,5700.0
20000500203,蔓味轻食·沙拉·健康餐(大钟寺店),蜂鸟准时达,品牌,4.9,2000+,人均¥16,0,0.0,116.334889,39.96877,2746,2987.3,39,35.94,3.06,Extended,2000.0,16.0,32000.0
20020129200,山晋云中刀削面,蜂鸟准时达,,4.5,79,人均¥24,15,0.0,116.365431,39.993326,2884,2821.5,30,34.39,-4.39,Compressed,79.0,24.0,1896.0
20014696437,Timefor牛排·火焰牛排饭·意面(第15号档口亦红美食城),蜂鸟准时达,,4.9,1000+,人均¥23,15,0.8,116.307531,39.984256,3185,3203.5,38,37.68,0.32,Near expected,1000.0,23.0,23000.0
390481006,晋风庄园(二里庄店),蜂鸟准时达,,4.7,2000+,人均¥30,20,3.9,116.365108,39.99916,3439,3453.6,41,39.11,1.89,Near expected,2000.0,30.0,60000.0
1095490492,Tims天好咖啡·贝果(768文化创意产业园店),蜂鸟准时达,品牌,4.9,3000+,人均¥18,25,1.6,116.351671,40.00941,3311,3328.1,36,38.46,-2.46,Compressed,3000.0,18.0,54000.0
1083446308,赛百味·三明治(花园北路店),蜂鸟准时达,,4.9,2000+,人均¥22,20,0.8,116.358839,39.981183,3288,3456.9,34,39.13,-5.13,Compressed,2000.0,22.0,44000.0
249053310,小恒水饺(中关村店),蜂鸟准时达,品牌,4.9,1000+,人均¥13,20,0.0,116.307531,39.984256,3185,3203.5,42,37.68,4.32,Extended,1000.0,13.0,13000.0
290946127,草原黑森林碳烤羊腿·烧烤(双榆树店),蜂鸟准时达,品牌,5.0,800+,人均¥23,35,0.0,116.321312,39.972885,3323,3402.3,45,38.85,6.15,Extended,800.0,23.0,18400.0
240419106,乐享牛拉牛肉面·烧烤(学清路店),蜂鸟准时达,,4.7,800+,人均¥22,20,5.3,116.352706,40.012744,3741,3680.5,38,40.44,-2.44,Compressed,800.0,22.0,17600.0
828350248,庆丰包子铺(风味1号北京利刚庆丰包子铺有限公司),蜂鸟准时达,品牌,4.7,400+,人均¥23,20,4.4,116.362525,39.98158,3547,3708.7,41,40.61,0.39,Near expected,400.0,23.0,9200.0
674980042,霸王·大碗盖码饭(昆仑天香美食广场店),蜂鸟准时达,,4.6,400+,人均¥11,0,0.0,116.30448,39.984104,3402,3437.2,47,39.03,7.97,Extended,400.0,11.0,4400.0
686406054,锦渝川菜(二里庄店),蜂鸟准时达,,5.0,1000+,人均¥27,20,0.0,116.3646,39.997201,3213,3192.7,38,37.6,0.4,Near expected,1000.0,27.0,27000.0
241457092,桥香园过桥米线,蜂鸟准时达,,4.8,700+,人均¥18,20,0.7,116.325771,39.968298,3484,3584.4,43,39.82,3.18,Extended,700.0,18.0,12600.0
1064740457,M Stand咖啡(北京搜狐网络大厦店),蜂鸟准时达,品牌,4.8,2000+,人均¥21,20,0.0,116.332578,39.994074,519,501.2,21,22.05,-1.05,Near expected,2000.0,21.0,42000.0
524894045,熊大爷现包饺子(中关村店),蜂鸟准时达,品牌,5.0,200+,人均¥22,20,0.0,116.319855,39.981009,2497,2602.9,36,32.39,3.61,Extended,200.0,22.0,4400.0
1086024139,DQ.蛋糕.冰淇淋(新辰里2F店),蜂鸟准时达,品牌,5.0,900+,,20,2.7,116.353543,40.008559,3313,3148.9,37,37.25,-0.25,Near expected,900.0,,
242656088,渔夫渝味(北医三院店),蜂鸟准时达,,4.7,600+,人均¥24,30,0.0,116.35865,39.979898,3431,3826.7,36,41.25,-5.25,Compressed,600.0,24.0,14400.0
1065631259,巴渝川菜烤鱼家常菜(学清嘉创店),蜂鸟准时达,,4.6,200+,人均¥27,25,0.0,116.353239,40.014803,3850,3842.0,42,41.32,0.68,Near expected,200.0,27.0,5400.0
922543368,怪兽不厌食·0卡糖·面包·甜点(苏州街店),蜂鸟准时达,,4.8,600+,,25,0.0,116.307452,39.98222,3333,3387.8,46,38.78,7.22,Extended,600.0,,
1063807174,塬味西北餐厅,蜂鸟准时达,,4.8,300+,人均¥26,15,4.1,116.3666,39.994112,2954,3253.3,32,38.02,-6.02,Compressed,300.0,26.0,7800.0
20013721348,山西刀削面(风味0北京百花渔村餐馆),蜂鸟准时达,,5.0,100+,人均¥20,30,0.0,116.324802,39.968451,3515,3551.1,45,39.63,5.37,Extended,100.0,20.0,2000.0
20017331382,仟里香凉皮肉夹馍(风味1北京仟里香餐饮管理有限公司),蜂鸟准时达,,4.9,100+,人均¥17,20,0.0,116.368993,39.988348,3588,3762.2,34,40.91,-6.91,Compressed,100.0,17.0,1700.0
1099889340,聚宝源牛羊肉店(塔院店),蜂鸟准时达,,4.6,100+,人均¥61,35,0.7,116.360127,39.976818,3693,3966.4,39,41.89,-2.89,Compressed,100.0,61.0,6100.0
233325218,COSTA咖啡(双安店),蜂鸟准时达,品牌,5.0,100+,人均¥18,25,2.0,116.32595,39.96639,3648,3732.6,47,40.74,6.26,Extended,100.0,18.0,1800.0
20024774201,天湖捕蟹翁·大闸蟹·海鲜·龙虾(风味2北京富老八餐饮有限公司北京第一分公司),商家自配送,,4.9,100+,人均¥38,15,1.2,116.323035,39.967975,3708,3952.6,45,41.83,3.17,Extended,100.0,38.0,3800.0
241201279,川军本色·水煮鱼(双安店),蜂鸟准时达,,4.9,2000+,人均¥34,15,0.0,116.329439,39.966673,3396,3429.0,50,38.99,11.01,Extended,2000.0,34.0,68000.0
20021645337,牛汤哥(学清路新辰里店),蜂鸟准时达,,4.5,400+,人均¥23,20,0.0,116.35432,40.008776,3448,3319.9,39,38.42,0.58,Near expected,400.0,23.0,9200.0
20014336017,Blu.澜意大利餐厅,蜂鸟准时达,,4.8,100+,人均¥37,15,2.5,116.304978,39.988291,3594,4084.9,39,42.34,-3.34,Compressed,100.0,37.0,3700.0
1111762176,老屋川菜·水煮鱼(华宇购物中心店),蜂鸟准时达,,4.9,500+,人均¥31,20,0.0,116.323183,39.96556,4017,4065.1,50,42.27,7.73,Extended,500.0,31.0,15500.0
20005659435,Manner Coffee(北京1733店),蜂鸟准时达,品牌,4.9,900+,人均¥17,30,6.5,116.343491,39.966292,3725,4175.9,43,42.68,0.32,Near expected,900.0,17.0,15300.0
20018868062,如意包子铺(风味1 北京老城鑫盛餐饮有限公司),蜂鸟准时达,,4.9,1000+,人均¥16,28,0.0,116.365235,39.981631,3776,4026.5,40,42.12,-2.12,Compressed,1000.0,16.0,16000.0
1105496172,巫山烤全鱼·炒菜·烤鸭(风味2北京金正轩酒楼),蜂鸟准时达,,5.0,300+,人均¥35,35,0.2,116.351312,39.970201,3604,3955.8,41,41.84,-0.84,Near expected,300.0,35.0,10500.0
1067877232,阿西娅·西北妈妈拿手菜·清真牛肉羊肉(中关村店),蜂鸟准时达,,4.2,600+,人均¥20,15,0.0,116.305023,39.980611,3745,3932.2,38,41.74,-3.74,Compressed,600.0,20.0,12000.0
1072802346,蜜雪冰城(青年公寓店),蜂鸟准时达,品牌,4.9,3000+,,20,0.5,116.334426,39.982924,1244,1381.8,22,25.19,-3.19,Compressed,3000.0,,
611328255,全牛匠川小馆·跷脚牛肉(新中关店),蜂鸟准时达,品牌,4.8,800+,人均¥26,20,0.6,116.316217,39.978411,3160,3133.0,36,37.13,-1.13,Near expected,800.0,26.0,20800.0
916243042,雪中鲜渔村铁锅炖鱼大鹅东北菜(苏州街店),蜂鸟准时达,,0.0,13,,20,0.0,116.309009,39.975451,3900,3985.8,37,41.96,-4.96,Compressed,13.0,,
264191053,雅佳神话烤鱼(二里庄店),商家自配送,品牌,5.0,100+,,50,0.0,116.36589,39.994002,2860,3253.3,51,38.02,12.98,Extended,100.0,,
20007785014,wagas沃歌斯(新辰里学清路店),蜂鸟准时达,品牌,4.8,400+,人均¥40,20,0.7,116.353921,40.008438,3315,3148.9,39,37.25,1.75,Near expected,400.0,40.0,16000.0
248367280,羲和雅苑烤鸭坊(中关村店),蜂鸟准时达,,4.7,500+,人均¥35,20,0.0,116.310113,39.981049,3295,3418.0,46,38.93,7.07,Extended,500.0,35.0,17500.0
240944482,云龙麻辣香锅(第12号档口金福盛悦美食城),商家自配送,,0.0,2,,35,8.0,116.310622,39.976706,3658,3647.2,31,40.22,-9.22,Compressed,2.0,,
20021307223,小熊便当(第9号档口亦红美食城),蜂鸟准时达,,5.0,100+,,15,0.0,116.307785,39.983945,3233,3203.5,37,37.68,-0.68,Near expected,100.0,,
648602038,Tims天好咖啡·贝果(互联网金融中心店),蜂鸟准时达,品牌,4.9,2000+,人均¥20,25,1.6,116.312811,39.979153,3272,3415.1,37,38.92,-1.92,Near expected,2000.0,20.0,40000.0
20012231280,曼玲粥·包子·早餐(中国音乐学院店),蜂鸟全城达,品牌,5.0,3000+,人均¥13,35,6.7,116.380716,39.981659,5358,5433.0,45,47.62,-2.62,Compressed,3000.0,13.0,39000.0
1113640487,8090老饭盒·绝无预制菜(苏州街店),蜂鸟准时达,,4.8,2000+,人均¥10,65,3.3,116.302325,39.973866,4636,4639.9,48,44.03,3.97,Extended,2000.0,10.0,20000.0
533614118,蜜雪冰城,蜂鸟准时达,品牌,4.8,2000+,,20,2.8,116.34585,39.959762,4395,4646.5,40,44.05,-4.05,Compressed,2000.0,,
20016944429,魏家凉皮(牡丹园店),蜂鸟准时达,,4.7,2000+,人均¥24,25,4.3,116.369248,39.977096,4497,4726.2,43,44.33,-1.33,Near expected,2000.0,24.0,48000.0
575813482,华莱士·全鸡汉堡(华创生活广场店),蜂鸟准时达,品牌,4.9,3000+,人均¥14,20,0.7,116.372544,40.010072,4884,4856.1,38,44.84,-6.84,Compressed,3000.0,14.0,42000.0
20007709241,嘉和一品粥·皮蛋粥·扁豆焖面(北沙滩店),蜂鸟准时达,,5.0,1000+,人均¥17,20,0.0,116.37096,40.002283,4212,4762.1,35,44.43,-9.43,Compressed,1000.0,17.0,17000.0
264141498,1点点(苏州桥店),蜂鸟准时达,品牌,4.9,6000+,人均¥11,15,8.1,116.308329,39.964337,5415,5270.0,55,46.88,8.12,Extended,6000.0,11.0,66000.0
20023621103,东北老舅·嘎嘎香老饭盒(第10号档口锦鲤智灶美食城),蜂鸟准时达,,5.0,900+,人均¥10,15,0.0,116.302227,39.973877,4628,4639.9,46,44.03,1.97,Near expected,900.0,10.0,9000.0
20001169349,蜜雪冰城(苏州街店),蜂鸟准时达,品牌,4.7,2000+,,20,2.8,116.306155,39.973703,4340,4421.0,48,43.47,4.53,Extended,2000.0,,
686428309,蜜雪冰城(牡丹园店),蜂鸟准时达,品牌,4.8,2000+,,20,2.8,116.367292,39.976876,4303,4602.0,42,43.93,-1.93,Near expected,2000.0,,
546481063,蜜雪冰城(华宇时尚购物中心店),蜂鸟准时达,品牌,4.7,2000+,,20,2.8,116.323176,39.965471,4027,4065.1,52,42.27,9.73,Extended,2000.0,,
1106125387,霸王茶姬(五道口购物中心店),蜂鸟准时达,品牌,5.0,4000+,人均¥18,20,0.0,116.339269,39.992131,642,712.1,20,22.77,-2.77,Compressed,4000.0,18.0,72000.0
20006328414,米悦朝鲜族拌饭(第16档口吉祥厨房美食城),蜂鸟准时达,,4.7,1000+,人均¥18,0,0.0,116.327725,39.984625,1442,1684.4,22,26.47,-4.47,Compressed,1000.0,18.0,18000.0
20009638269,蔓味轻食·沙拉·健康餐(中关村店),蜂鸟准时达,品牌,4.9,2000+,人均¥17,37,0.6,116.307375,39.984475,3137,3117.8,41,37.01,3.99,Extended,2000.0,17.0,34000.0
557592390,南城香-饭香串香馄饨香(双榆树店),蜂鸟准时达,品牌,4.8,2000+,人均¥16,20,1.4,116.3253,39.967888,3530,3584.4,45,39.82,5.18,Extended,2000.0,16.0,32000.0
1090342137,晋状元山西刀削面(风味1北京缘奥源餐饮管理有限公司),蜂鸟准时达,,5.0,700+,人均¥15,50,0.0,116.371997,40.009965,4837,4856.1,36,44.84,-8.84,Compressed,700.0,15.0,10500.0
264430034,好适口(65林萃路店),蜂鸟准时达,品牌,4.9,1000+,人均¥16,50,7.8,116.37123,40.011871,5033,4979.3,38,45.5,-7.5,Compressed,1000.0,16.0,16000.0
20009479108,晋面王山西刀削面(风味0北京市小规模北京田野小吃店),蜂鸟准时达,,4.5,100+,人均¥18,15,0.1,116.36898,40.003597,4368,4326.9,35,43.14,-8.14,Compressed,100.0,18.0,1800.0
428263423,杭州小笼包(苏州桥店),蜂鸟准时达,,4.8,1000+,人均¥14,20,0.0,116.307502,39.967792,4985,4974.1,55,45.47,9.53,Extended,1000.0,14.0,14000.0
1056761202,最重庆·俏幺妹川菜馆,蜂鸟准时达,,4.6,4000+,人均¥11,30,0.0,116.375392,39.981943,4654,4824.4,46,44.7,1.3,Near expected,4000.0,11.0,44000.0
1109532174,喜赞·轻食健康餐(第1号档口永宝顺来美食城店),蜂鸟准时达,,5.0,2000+,人均¥14,28,0.3,116.345281,39.960773,4339,4130.4,42,42.52,-0.52,Near expected,2000.0,14.0,28000.0
20001505314,湘辣辣·现炒黄牛肉(万柳华联店),蜂鸟准时达,品牌,4.8,1000+,人均¥39,20,3.7,116.294602,39.972454,5534,5465.8,48,47.74,0.26,Near expected,1000.0,39.0,39000.0
239917422,东北特味(苏州街店),蜂鸟准时达,,4.6,3000+,人均¥18,20,0.7,116.304885,39.972873,4510,4625.7,57,44.0,13.0,Extended,3000.0,18.0,54000.0
264366053,小北鲸饺子(皂君庙店),蜂鸟准时达,品牌,4.9,2000+,人均¥22,25,5.3,116.334449,39.961788,3550,3642.6,38,40.19,-2.19,Compressed,2000.0,22.0,44000.0
260874216,庆丰包子铺(林萃路店),蜂鸟准时达,,4.8,900+,人均¥24,25,0.0,116.37248,40.009929,4880,4856.1,41,44.84,-3.84,Compressed,900.0,24.0,21600.0
251326045,张亮麻辣烫·麻辣拌(万泉河路店),蜂鸟准时达,品牌,4.9,2000+,人均¥13,25,0.0,116.306746,39.968085,4971,4969.4,50,45.45,4.55,Extended,2000.0,13.0,26000.0
293365068,杂粮煎饼(南沙滩店),蜂鸟准时达,,4.9,1000+,,18,0.0,116.378526,39.997213,4683,4675.8,41,44.13,-3.13,Compressed,1000.0,,
20015320180,金榜缘川湘菜·烤鱼牛蛙(风味1北京金榜食缘酒家),蜂鸟准时达,,4.9,600+,人均¥22,20,0.0,116.315904,39.960932,5244,5597.4,52,48.05,3.95,Extended,600.0,22.0,13200.0
1103786483,1980老盒饭(第B39号档口橘猫精选美食城),蜂鸟准时达,,5.0,1000+,人均¥13,30,0.0,116.345871,39.960277,4386,4646.5,46,44.05,1.95,Near expected,1000.0,13.0,13000.0
367042136,绝味鸭脖(人民大学店),蜂鸟准时达,品牌,4.8,700+,人均¥24,30,1.3,116.30627,39.973591,4352,4421.0,41,43.47,-2.47,Compressed,700.0,24.0,16800.0
1110573026,霸王茶姬(华宇时尚购物中心店),蜂鸟准时达,品牌,5.0,4000+,人均¥18,20,2.6,116.323628,39.965231,4039,4026.1,45,42.12,2.88,Extended,4000.0,18.0,72000.0
611810121,麦当劳&麦咖啡(北京五道口店),商家自配送,品牌,4.6,2000+,人均¥26,20,6.0,116.339412,39.992536,655,712.1,30,22.77,7.23,Extended,2000.0,26.0,52000.0
232847121,臻选星巴克专星送(北京科学院南路店),商家自配送,品牌,4.7,1000+,人均¥26,25,6.0,116.326724,39.983547,1663,1692.0,30,26.5,3.5,Extended,1000.0,26.0,26000.0
654086366,老乡鸡(北京融科中心店),蜂鸟准时达,品牌,4.8,5000+,人均¥21,20,1.9,116.32665,39.983119,1715,1692.0,26,26.5,-0.5,Near expected,5000.0,21.0,105000.0
321043377,味多美生日蛋糕(志新桥店),蜂鸟准时达,品牌,5.0,100+,,20,3.7,116.368412,39.993413,3145,3087.6,32,36.76,-4.76,Compressed,100.0,,
1093468052,炸鸡江湖(万泉店),蜂鸟准时达,,5.0,100+,人均¥25,25,0.0,116.306732,39.968184,4960,4969.4,52,45.45,6.55,Extended,100.0,25.0,2500.0
1108926145,最成都·烤鱼·江湖菜·碗杂面·盖浇饭(牡丹园店),蜂鸟准时达,,4.5,4000+,人均¥12,30,0.0,116.376633,39.98196,4759,4889.9,47,45.02,1.98,Near expected,4000.0,12.0,48000.0
20007980155,杨大碗下饭菜·湖南小炒(风味1北京童乡楼餐厅),蜂鸟准时达,,4.3,100+,人均¥28,15,1.6,116.308549,39.966898,5191,5395.6,54,47.43,6.57,Extended,100.0,28.0,2800.0
20007584366,KPRO肯律轻食(苏州桥店),商家自配送,品牌,4.7,3000+,人均¥18,19,0.0,116.308051,39.966677,5277,5395.6,38,47.43,-9.43,Compressed,3000.0,18.0,54000.0
371382423,新辣道·下饭小火锅(万柳华联店),蜂鸟准时达,,5.0,500+,人均¥28,20,6.4,116.295099,39.972737,5377,5465.8,51,47.74,3.26,Extended,500.0,28.0,14000.0
307392382,鲁三爷·临沂铁锅炒鸡·散养走地鸡(第C5号档口橘猫精选美食城),商家自配送,,5.0,600+,人均¥36,20,8.0,116.34593,39.960512,4402,4646.5,49,44.05,4.95,Extended,600.0,36.0,21600.0
20012521464,大懒龙(第三档口锦鲤智灶美食城),蜂鸟准时达,,4.9,1000+,人均¥18,25,1.7,116.302375,39.973975,4628,4639.9,45,44.03,0.97,Near expected,1000.0,18.0,18000.0
1110079061,利哥兄弟菜馆(四道口店),蜂鸟准时达,,4.8,1000+,人均¥18,25,0.0,116.345432,39.960385,4314,4646.5,43,44.05,-1.05,Near expected,1000.0,18.0,18000.0
261438005,金三根手擀面(健德门店),蜂鸟准时达,,4.8,1000+,人均¥14,20,7.7,116.379798,39.977049,5370,5587.3,54,48.02,5.98,Extended,1000.0,14.0,14000.0
367029122,绝味鸭脖(健德门店),蜂鸟准时达,品牌,5.0,400+,人均¥24,30,2.9,116.38064,39.981962,5325,5349.1,39,47.21,-8.21,Compressed,400.0,24.0,9600.0
20020111331,渝满天·现炒浇头重庆面(人大店),蜂鸟准时达,,4.9,800+,人均¥18,30,4.7,116.308341,39.967226,5176,5395.6,56,47.43,8.57,Extended,800.0,18.0,14400.0
20005194091,小滇娘·茶花妹子云南菜(华严北里店),蜂鸟准时达,,4.7,800+,人均¥27,20,0.0,116.380798,39.980972,5430,5481.6,50,47.79,2.21,Extended,800.0,27.0,21600.0
20022420281,千屿咖啡(红星美凯龙店),蜂鸟准时达,,5.0,400+,人均¥13,0,0.0,116.369816,40.003194,4330,4394.2,35,43.39,-8.39,Compressed,400.0,13.0,5200.0
1024656240,锦渝水煮鱼(大柳树店),蜂鸟准时达,,4.9,700+,人均¥21,20,0.1,116.335341,39.954987,4294,4332.0,46,43.16,2.84,Extended,700.0,21.0,14700.0
20003673101,沂蒙铁锅炒鸡·家常小炒(原苏州街店),商家自配送,,4.6,300+,人均¥29,0,0.0,116.308408,39.966923,5178,5395.6,47,47.43,-0.43,Near expected,300.0,29.0,8700.0
399071176,棒约翰比萨·意面(健翔桥店),蜂鸟准时达,品牌,4.9,900+,人均¥30,20,4.0,116.381207,39.980145,5538,5282.4,44,46.94,-2.94,Compressed,900.0,30.0,27000.0
20002571417,云之南·野生菌炒饭·炖肉炒饭(第5号档口食客云集美食城),蜂鸟准时达,,4.8,1000+,人均¥18,15,0.0,116.352159,39.999686,2553,2441.0,30,31.27,-1.27,Near expected,1000.0,18.0,18000.0
240301441,粮薪筵(中关村店),蜂鸟准时达,,5.0,100+,人均¥41,20,1.2,116.32527,39.96996,3308,3384.3,46,38.76,7.24,Extended,100.0,41.0,4100.0
20015175272,赌上厨师职业生涯的炒饭锄禾蛋炒饭·炒面·炒粉(风味2北京合久美文化发展有限公司),蜂鸟准时达,,4.5,600+,人均¥14,0,0.0,116.307636,39.976365,3883,4067.9,36,42.28,-6.28,Compressed,600.0,14.0,8400.0
1067515144,满姐饺子(花园北路店),蜂鸟准时达,,5.0,900+,人均¥32,20,4.6,116.358792,39.981208,3287,3456.9,43,39.13,3.87,Extended,900.0,32.0,28800.0
1102702176,人民公社精品东北菜(中关村店),蜂鸟准时达,,4.1,48,,15,6.1,116.305079,39.973184,4481,4625.7,65,44.0,21.0,Extended,48.0,,
20005898405,柳小样老北京冰糖葫芦(林萃路店),蜂鸟准时达,,0.0,45,,25,1.9,116.373069,40.010031,4927,4942.7,43,45.31,-2.31,Compressed,45.0,,
906843197,四川孙鲶鱼(牡丹园店),蜂鸟准时达,,4.4,100+,人均¥61,15,0.8,116.367342,39.977984,4360,4427.8,52,43.48,8.52,Extended,100.0,61.0,6100.0
20019644048,川渝小厨·烟火家常菜(天作国际店),蜂鸟准时达,,0.0,91,人均¥28,25,0.0,116.323473,39.9612,4687,4633.2,55,44.02,10.98,Extended,91.0,28.0,2548.0
1113974236,北京稻香村(林萃专卖店),蜂鸟准时达,品牌,4.8,100+,,40,10.9,116.371181,40.012135,5066,4979.3,36,45.5,-9.5,Compressed,100.0,,
289264380,沙县小吃(天作国际店),蜂鸟准时达,,0.0,33,,20,6.9,116.323316,39.960891,4722,4697.9,55,44.22,10.78,Extended,33.0,,
727147109,哈根达斯蛋糕冰淇淋(北京万柳华联店),商家自配送,,4.7,100+,,0,10.0,116.294934,39.972271,5550,5465.8,35,47.74,-12.74,Compressed,100.0,,
20020947267,MOWU魔屋·意大利餐厅,蜂鸟准时达,,4.7,72,人均¥47,100,1.3,116.377577,39.984304,5237,4752.5,49,44.4,4.6,Extended,72.0,47.0,3384.0
1109851176,重庆聚香快餐(牡丹园店),蜂鸟准时达,,0.0,99,,20,1.9,116.370473,39.977278,4775,4821.9,44,44.69,-0.69,Near expected,99.0,,
20020349449,wave coffee(风味1北京五零三文化传媒有限公司),蜂鸟准时达,,5.0,700+,人均¥14,15,0.7,116.384092,39.991831,4767,4858.2,37,44.85,-7.85,Compressed,700.0,14.0,9800.0
567593153,老彭驴肉,蜂鸟准时达,,5.0,61,,30,7.7,116.380813,39.981135,5414,5481.6,52,47.79,4.21,Extended,61.0,,
265816305,北平楼(牡丹园店),蜂鸟准时达,品牌,4.8,600+,人均¥62,40,6.1,116.370273,39.979492,4443,4721.0,63,44.32,18.68,Extended,600.0,62.0,37200.0
20000378422,西贝(北京中关村华宇店),蜂鸟准时达,品牌,5.0,1000+,人均¥38,20,2.3,116.323417,39.965368,4039,4026.1,41,42.12,-1.12,Near expected,1000.0,38.0,38000.0
307384396,合利屋.中西式简餐.韩式料理(北沙滩店),蜂鸟准时达,品牌,5.0,800+,人均¥30,25,0.0,116.375383,40.004757,4943,4779.1,44,44.49,-0.49,Near expected,800.0,30.0,24000.0
1105649284,金谷园饺子馆代购(北邮总),商家自配送,,5.0,100+,,38,0.0,116.360628,39.966174,4828,5250.7,49,46.79,2.21,Extended,100.0,,
286373450,华莱士·全鸡汉堡(农大南路店),蜂鸟全城达,品牌,4.9,6000+,人均¥15,50,8.1,116.280788,40.022614,7594,7557.3,50,49.34,0.66,Near expected,6000.0,15.0,90000.0
686686248,八门儿烤鸭私房菜,蜂鸟准时达,,5.0,100+,人均¥31,38,0.0,116.323824,39.992097,1128,1344.0,26,25.05,0.95,Near expected,100.0,31.0,3100.0
542679152,咔滋味·脆皮烤肉饭(五道口店),蜂鸟准时达,,4.7,900+,人均¥15,15,0.0,116.327908,39.984916,1431,1482.6,23,25.57,-2.57,Compressed,900.0,15.0,13500.0
20000399125,飞哥土鲫鱼辣炒鸡下饭菜,蜂鸟准时达,,4.3,1000+,人均¥30,15,0.0,116.307964,39.982271,3290,3387.8,39,38.78,0.22,Near expected,1000.0,30.0,30000.0
401748414,潇湘阁(华宇时尚购物中心店),蜂鸟准时达,品牌,4.7,3000+,人均¥35,30,3.1,116.323099,39.965556,4013,4065.1,49,42.27,6.73,Extended,3000.0,35.0,105000.0
1018581194,站点比萨(北太平庄店),商家自配送,,4.9,800+,人均¥44,80,8.0,116.360621,39.966444,4808,5056.8,57,45.89,11.11,Extended,800.0,44.0,35200.0
1107887332,超级碗FOODBOWL(亚运村北辰荟店),蜂鸟准时达,,5.0,4000+,人均¥23,30,2.7,116.387753,40.003208,5674,5672.2,40,48.21,-8.21,Compressed,4000.0,23.0,92000.0
1078710075,库迪咖啡(万柳亿城中心店),蜂鸟准时达,品牌,4.9,4000+,,1,7.8,116.301584,39.960355,5944,5926.5,51,48.74,2.26,Extended,4000.0,,
240146123,贵州米粉(民大店),蜂鸟准时达,,4.9,900+,人均¥24,25,9.3,116.317154,39.950861,6194,6148.4,50,48.93,1.07,Near expected,900.0,24.0,21600.0
1089184444,老乡鸡(北京远大东路店),蜂鸟全城达,品牌,4.7,4000+,人均¥22,25,11.4,116.288121,39.958578,7208,7210.4,43,48.96,-5.96,Compressed,4000.0,22.0,88000.0
1104762479,华莱士·全鸡汉堡(清河店),蜂鸟准时达,品牌,4.8,2000+,人均¥12,50,4.4,116.332309,40.037834,6309,6337.3,51,48.8,2.2,Extended,2000.0,12.0,24000.0
234790177,曼玲粥·馅饼(第1号档口首联惠民美食城),蜂鸟准时达,品牌,4.8,1000+,人均¥15,35,5.4,116.29417,39.967587,6066,5933.5,51,48.75,2.25,Extended,1000.0,15.0,15000.0
647852206,蜜雪冰城(安宁庄店),蜂鸟准时达,品牌,4.8,2000+,,20,7.4,116.332858,40.040364,6284,6259.3,50,48.89,1.11,Near expected,2000.0,,
264409231,湘香小厨,蜂鸟准时达,,4.6,1000+,人均¥21,80,4.5,116.32126,39.95348,5589,6488.1,50,48.72,1.28,Near expected,1000.0,21.0,21000.0
726964325,茶百道(万柳华联店),蜂鸟准时达,品牌,4.9,900+,人均¥11,25,5.1,116.295167,39.973416,5294,5225.6,63,46.68,16.32,Extended,900.0,11.0,9900.0
20007143311,霸王茶姬(北辰荟购物中心店),蜂鸟准时达,品牌,5.0,1000+,人均¥18,20,6.7,116.387784,40.002558,5617,5672.2,53,48.21,4.79,Extended,1000.0,18.0,18000.0
248569155,眉州小吃(国奥店),蜂鸟准时达,品牌,4.9,3000+,人均¥20,20,4.5,116.381366,40.008689,5778,5677.3,50,48.22,1.78,Near expected,3000.0,20.0,60000.0
263996307,权金城·烤肉·拌饭·冷面(清河店),蜂鸟准时达,品牌,4.9,900+,人均¥24,20,2.8,116.351318,40.029575,5237,5145.7,44,46.32,-2.32,Compressed,900.0,24.0,21600.0
1113616136,库迪咖啡(第1号档口九洲风味美食城),蜂鸟准时达,品牌,5.0,4000+,,1,7.8,116.321556,39.953858,5559,6488.1,53,48.72,4.28,Extended,4000.0,,
1061621273,豪七港式烧腊(健德门店),蜂鸟准时达,,4.9,2000+,人均¥22,20,0.8,116.380607,39.977023,5438,5670.7,47,48.21,-1.21,Near expected,2000.0,22.0,44000.0
813833475,曼玲粥(第6号档口宏顺帅川美食城),蜂鸟全城达,品牌,4.8,5000+,人均¥13,50,10.8,116.431047,39.982078,9639,9553.4,50,51.77,-1.77,Near expected,5000.0,13.0,65000.0
373924296,我想来份手工酸奶水果捞(清华大学店),蜂鸟准时达,,4.9,800+,,15,0.0,116.343126,39.998888,1716,1676.6,20,26.43,-6.43,Compressed,800.0,,
293272346,吉野家(保福寺店),商家自配送,品牌,4.8,2000+,人均¥31,20,6.0,116.333835,39.984479,1029,1132.1,30,24.27,5.73,Extended,2000.0,31.0,62000.0
20008790410,Grid Coffee·咖啡(北京双安商场店),蜂鸟准时达,品牌,5.0,2000+,人均¥26,20,1.3,116.325916,39.966209,3693,3925.1,43,41.71,1.29,Near expected,2000.0,26.0,52000.0
260812326,沙县小吃(华杰大厦店),蜂鸟准时达,,4.8,5000+,人均¥12,20,0.0,116.341706,39.964961,3769,3782.4,44,41.03,2.97,Extended,5000.0,12.0,60000.0
20002780266,冯记豆花店(健翔桥店),蜂鸟准时达,,4.4,500+,人均¥33,25,0.5,116.380943,39.980807,5450,5481.6,52,47.79,4.21,Extended,500.0,33.0,16500.0
290194104,湘人龙记老长沙原汤米粉·长沙小吃(清河店),蜂鸟准时达,,4.9,700+,人均¥20,20,2.3,116.346528,40.030219,5253,4804.3,46,44.62,1.38,Near expected,700.0,20.0,14000.0
300688358,斟香居酱骨头家常菜(烧烤),蜂鸟全城达,,5.0,400+,人均¥18,35,12.4,116.331202,40.044054,6773,6712.0,53,48.75,4.25,Extended,400.0,18.0,7200.0
1096318317,库迪咖啡(天虹商场新奥店),蜂鸟准时达,品牌,4.9,3000+,,1,8.7,116.39376,40.001358,6069,5924.4,55,48.74,6.26,Extended,3000.0,,
234609466,真功夫·原盅现蒸(西三旗店),蜂鸟全城达,品牌,4.9,1000+,人均¥21,20,8.6,116.337466,40.047094,7618,7133.2,43,48.92,-5.92,Compressed,1000.0,21.0,21000.0
1065243130,辣子鸡是招牌,蜂鸟全城达,,4.8,800+,人均¥21,70,3.6,116.387624,39.981153,6056,6140.0,54,48.92,5.08,Extended,800.0,21.0,16800.0
669437160,牛约堡-手作牛肉汉堡(四道口店),蜂鸟准时达,品牌,5.0,3000+,人均¥20,1,0.7,116.346749,39.957751,4625,4659.2,44,44.08,-0.08,Near expected,3000.0,20.0,60000.0
1060971270,西部马华牛肉面烧烤清真(天秀路店),蜂鸟全城达,品牌,4.8,2000+,人均¥24,20,13.6,116.277291,40.020663,7816,7706.1,42,49.57,-7.57,Compressed,2000.0,24.0,48000.0
1062483199,南城香·现炒社区食堂(清河店),蜂鸟准时达,品牌,4.8,3000+,人均¥14,20,5.1,116.344095,40.030951,5495,5170.0,45,46.43,-1.43,Near expected,3000.0,14.0,42000.0
678705007,俏湘厨·地道湘菜(北洼路店),蜂鸟全城达,,4.9,4000+,人均¥17,98,7.2,116.304741,39.937527,8830,8508.0,61,50.75,10.25,Extended,4000.0,17.0,68000.0
20005493392,味多美生日蛋糕(清河店),蜂鸟全城达,品牌,5.0,600+,,30,8.2,116.344339,40.030865,5473,4974.6,40,45.48,-5.48,Compressed,600.0,,
20000435411,茶百道(宝盛里店),蜂鸟全城达,品牌,5.0,2000+,人均¥13,25,10.6,116.370486,40.037144,7322,7325.6,42,49.05,-7.05,Compressed,2000.0,13.0,26000.0
428124271,谷田稻香(北京万柳华联店),蜂鸟准时达,品牌,4.7,1000+,人均¥27,20,5.9,116.295102,39.973387,5292,5225.6,48,46.68,1.32,Near expected,1000.0,27.0,27000.0
672432036,川味滋私家菜,蜂鸟准时达,,4.7,2000+,人均¥22,25,8.5,116.354779,39.955371,5611,5645.4,48,48.15,-0.15,Near expected,2000.0,22.0,44000.0
1098991117,华莱士·全鸡汉堡(魏公村店),蜂鸟准时达,品牌,4.9,5000+,人均¥12,50,3.5,116.31757,39.955409,5718,5833.7,58,48.58,9.42,Extended,5000.0,12.0,60000.0
1075618181,匠熙小馆(亚运村店),蜂鸟全城达,品牌,4.9,7000+,人均¥31,20,7.6,116.404291,40.001531,7003,7002.9,45,48.87,-3.87,Compressed,7000.0,31.0,217000.0
265234323,巴依老爷(清华店),蜂鸟准时达,,4.6,2000+,人均¥39,30,0.0,116.334898,39.996386,883,932.1,25,23.54,1.46,Near expected,2000.0,39.0,78000.0
555104167,港式烧腊卤肉饭(五道口店),蜂鸟准时达,,4.8,1000+,人均¥17,15,0.0,116.333838,39.988082,579,830.5,20,23.18,-3.18,Compressed,1000.0,17.0,17000.0
20015330202,川湘快餐(上可味美食城)(五道口店),蜂鸟准时达,,4.5,800+,人均¥11,25,0.8,116.333688,39.984132,1036,1132.1,28,24.27,3.73,Extended,800.0,11.0,8800.0
406232057,湊湊火锅·茶憩(北京欧美汇店),蜂鸟准时达,品牌,4.8,300+,人均¥17,25,0.0,116.315,39.979204,3220,3333.4,39,38.49,0.51,Near expected,300.0,17.0,5100.0
885906498,袁记云饺(中关村南路店),蜂鸟准时达,品牌,4.7,2000+,人均¥18,15,0.0,116.31961,39.98102,2519,2602.9,34,32.39,1.61,Near expected,2000.0,18.0,36000.0
20003272134,塔斯汀·中国汉堡(学府大厦店),蜂鸟准时达,品牌,4.9,7000+,人均¥17,20,0.0,116.351973,39.99852,2394,2463.2,30,31.37,-1.37,Near expected,7000.0,17.0,119000.0
1094482054,吾牧酱骨·酱骨米饭(中关村店),蜂鸟准时达,品牌,4.9,1000+,人均¥14,20,0.0,116.307531,39.984256,3185,3203.5,40,37.68,2.32,Extended,1000.0,14.0,14000.0
20014841484,% Arabica阿拉比卡咖啡(中关村外送专营店),蜂鸟准时达,品牌,4.9,3000+,人均¥29,0,0.0,116.307531,39.984256,3185,3203.5,39,37.68,1.32,Near expected,3000.0,29.0,87000.0
20015964437,太太好粥(裕惠大厦店),蜂鸟全城达,品牌,4.9,2000+,人均¥13,50,12.4,116.298941,39.925121,10536,10136.0,54,52.36,1.64,Near expected,2000.0,13.0,26000.0
240649146,玉林烤鸭(小西天店),蜂鸟全城达,品牌,4.9,3000+,人均¥36,50,6.4,116.360377,39.954493,6063,6313.7,47,48.83,-1.83,Near expected,3000.0,36.0,108000.0
321182320,味多美生日蛋糕(清河永泰店),蜂鸟准时达,品牌,4.7,1000+,,30,9.4,116.35428,40.03693,6418,6293.9,45,48.85,-3.85,Compressed,1000.0,,
912585222,东关吉祥腊汁肉夹馍(健德门店),蜂鸟准时达,,4.9,500+,人均¥23,15,1.0,116.380464,39.977016,5426,5670.7,52,48.21,3.79,Extended,500.0,23.0,11500.0
262333063,阿细云南菜,蜂鸟全城达,,4.7,1000+,人均¥30,35,6.3,116.332135,40.03804,6333,6337.3,61,48.8,12.2,Extended,1000.0,30.0,30000.0
1103695271,LINLEE林里·手打柠檬茶(魏公村店),蜂鸟准时达,品牌,4.8,2000+,人均¥16,20,6.1,116.31757,39.955409,5718,5833.7,42,48.58,-6.58,Compressed,2000.0,16.0,32000.0
1108315206,小湘楼·湖南菜(清河店),蜂鸟准时达,,4.9,1000+,人均¥21,20,3.1,116.347431,40.033542,5565,5376.3,50,47.35,2.65,Extended,1000.0,21.0,21000.0
1061599150,潇湘阁(枫蓝国际购物中心店),蜂鸟准时达,品牌,4.5,2000+,人均¥46,30,6.8,116.356286,39.953507,5807,5875.4,45,48.65,-3.65,Compressed,2000.0,46.0,92000.0
264390381,好适口(安宁庄店),蜂鸟准时达,品牌,4.9,1000+,人均¥16,50,9.6,116.332631,40.040576,6301,6259.3,43,48.89,-5.89,Compressed,1000.0,16.0,16000.0
233724347,南城香-饭香串香馄饨香(交大东路店),蜂鸟全城达,品牌,5.0,3000+,人均¥17,35,8.2,116.349414,39.946397,5877,6181.5,47,48.95,-1.95,Near expected,3000.0,17.0,51000.0
1103497130,鱼你在一起(天辰东路店),蜂鸟准时达,品牌,4.4,100+,人均¥25,0,3.5,116.39255,40.000156,5799,5924.4,44,48.74,-4.74,Compressed,100.0,25.0,2500.0
321205340,味多美生日蛋糕(火器营店),蜂鸟准时达,品牌,4.8,500+,,30,9.4,116.287807,39.966516,6585,6712.6,42,48.75,-6.75,Compressed,500.0,,
20019563336,一家喷醋撒糖的奉天鸡架·火鸡面(风味1北京王庄七号餐饮有限公司),蜂鸟准时达,,4.9,1000+,人均¥20,27,0.0,116.340357,39.999841,1489,1406.5,23,25.28,-2.28,Compressed,1000.0,20.0,20000.0
320877013,胡同小馆·粤小年(知春路店),蜂鸟准时达,,0.0,56,人均¥40,15,3.5,116.342896,39.977278,2239,2521.0,37,31.71,5.29,Extended,56.0,40.0,2240.0
291821215,赛百味·三明治(理想国际店),蜂鸟准时达,,5.0,2000+,人均¥23,15,0.0,116.309994,39.984351,2831,3080.1,36,36.7,-0.7,Near expected,2000.0,23.0,46000.0
727139136,煲仔皇煲仔饭专门店(新中关店),蜂鸟准时达,品牌,4.9,1000+,人均¥22,45,0.0,116.315771,39.978415,3166,3117.5,39,37.01,1.99,Near expected,1000.0,22.0,22000.0
677896376,茶百道(圣熙8号店),蜂鸟准时达,品牌,4.9,5000+,人均¥11,25,0.7,116.354299,40.0094,3451,3319.9,38,38.42,-0.42,Near expected,5000.0,11.0,55000.0
240144496,小食代(第3号档口尚品食佳美食城),蜂鸟全城达,,4.6,4000+,人均¥10,80,5.4,116.381965,39.972091,6075,6191.1,54,48.96,5.04,Extended,4000.0,10.0,40000.0
261350081,成都小厨(甘家口店),蜂鸟全城达,,4.6,5000+,人均¥10,35,8.4,116.335046,39.929129,8709,8436.2,62,50.67,11.33,Extended,5000.0,10.0,50000.0
603832336,石记最成都川菜馆(西直门店),蜂鸟全城达,,4.6,1000+,人均¥20,20,7.6,116.355284,39.935594,7478,7596.6,55,49.4,5.6,Extended,1000.0,20.0,20000.0
1100344083,超级碗FOODBOWL(能量城市店),蜂鸟全城达,品牌,4.9,3000+,人均¥23,30,9.2,116.28026,39.952887,8513,8355.5,45,50.55,-5.55,Compressed,3000.0,23.0,69000.0
369998077,太太好粥(白石桥店),蜂鸟全城达,品牌,4.9,2000+,人均¥14,40,7.6,116.324598,39.934455,7502,7534.2,57,49.3,7.7,Extended,2000.0,14.0,28000.0
813871378,石记·最成都川菜馆(小营店),蜂鸟全城达,,4.6,1000+,人均¥17,20,7.6,116.423882,39.990731,8469,8148.1,53,50.24,2.76,Extended,1000.0,17.0,17000.0
275183136,庆丰包子铺(玉桃园店),蜂鸟全城达,品牌,4.9,500+,人均¥19,20,13.6,116.363604,39.94261,7696,7849.1,45,49.77,-4.77,Compressed,500.0,19.0,9500.0
1114178145,石器时代串吧·烧烤·冷面(民族大学店),蜂鸟准时达,,4.8,600+,人均¥30,30,3.7,116.320673,39.953316,5642,6488.1,65,48.72,16.28,Extended,600.0,30.0,18000.0
20019246466,DAQIU韩式炸鸡(风味3北京宏顺达餐饮服务有限公司),蜂鸟准时达,,4.7,100+,人均¥14,15,3.6,116.332228,40.03777,6299,6337.3,48,48.8,-0.8,Near expected,100.0,14.0,1400.0
1102063149,小菜园新徽菜(北京海淀华联万柳店),蜂鸟准时达,品牌,4.9,2000+,人均¥44,30,4.8,116.294661,39.973596,5331,5225.6,48,46.68,1.32,Near expected,2000.0,44.0,88000.0
1097536061,我想来份手工酸奶水果捞(交大店),蜂鸟准时达,,4.9,1000+,,15,0.0,116.333796,39.952512,4737,5016.2,60,45.69,14.31,Extended,1000.0,,
667861201,披萨革命(四道口店),蜂鸟准时达,品牌,5.0,1000+,人均¥14,0,0.0,116.350552,39.944719,6216,6221.9,42,48.93,-6.93,Compressed,1000.0,14.0,14000.0
293251442,眉州小吃(民族园店),蜂鸟全城达,品牌,5.0,3000+,人均¥18,20,6.7,116.383558,39.98256,5555,5602.6,50,48.06,1.94,Near expected,3000.0,18.0,54000.0
1088134027,张亮麻辣烫·麻辣拌(西直门店),蜂鸟全城达,品牌,4.8,1000+,人均¥15,35,5.4,116.351098,39.944364,6287,6330.8,57,48.81,8.19,Extended,1000.0,15.0,15000.0
275215105,庆丰包子铺(大慧寺店),蜂鸟准时达,品牌,4.8,500+,人均¥17,25,2.7,116.333338,39.952246,4822,5016.2,45,45.69,-0.69,Near expected,500.0,17.0,8500.0
20019623355,晋家小馆(二里庄店),蜂鸟准时达,,4.7,400+,人均¥17,25,5.0,116.364898,39.999477,3466,3615.3,33,40.01,-7.01,Compressed,400.0,17.0,6800.0
20019192307,MODELBOWL轻体碗(轻食沙拉健康餐第9号档口亦红美食城),蜂鸟准时达,,4.9,1000+,人均¥12,15,0.0,116.307508,39.984179,3189,3203.5,38,37.68,0.32,Near expected,1000.0,12.0,12000.0
1102690360,萨莉亚意式餐厅代购(华宇时尚),商家自配送,,5.0,40,,68,10.0,116.32331,39.965505,3969,4065.1,57,42.27,14.73,Extended,40.0,,
232795282,CoCo都可(万柳华联店),蜂鸟准时达,品牌,4.8,1000+,人均¥10,20,5.0,116.294969,39.97232,5550,5465.8,52,47.74,4.26,Extended,1000.0,10.0,10000.0
20023056323,匠熙小馆(四道口店),蜂鸟准时达,,4.9,4000+,人均¥28,20,0.0,116.345471,39.960367,4318,4646.5,44,44.05,-0.05,Near expected,4000.0,28.0,112000.0
20002200327,霸王茶姬(翠微百货牡丹园店),蜂鸟准时达,品牌,5.0,5000+,人均¥18,20,2.6,116.366578,39.977514,4288,4427.8,42,43.48,-1.48,Near expected,5000.0,18.0,90000.0
1095392159,火龙家常菜,蜂鸟准时达,,0.0,36,,20,6.9,116.366637,40.006919,4777,4765.8,39,44.45,-5.45,Compressed,36.0,,
238767415,金手勺东北菜饺子(西三旗店),蜂鸟全城达,,4.6,3000+,人均¥25,80,9.6,116.344479,40.063765,9501,9491.0,58,51.71,6.29,Extended,3000.0,25.0,75000.0
265914363,西部马华清真牛肉面(新街口店),蜂鸟全城达,品牌,4.7,1000+,人均¥20,20,13.6,116.371411,39.946524,7995,8041.4,48,50.08,-2.08,Compressed,1000.0,20.0,20000.0
230125357,眉州东坡(国奥村店),蜂鸟准时达,品牌,4.9,3000+,人均¥27,20,3.5,116.3814,40.009399,5810,5590.2,45,48.02,-3.02,Compressed,3000.0,27.0,81000.0
20008941171,鱼你在一起(海淀世纪金源店),蜂鸟全城达,品牌,5.0,200+,人均¥28,0,14.8,116.28833,39.958599,7206,7210.4,39,48.96,-9.96,Compressed,200.0,28.0,5600.0
791981015,嘉和一品粥·健康餐 ·皮蛋粥 ·焖面(西三旗店),蜂鸟全城达,,4.9,500+,人均¥19,20,9.2,116.328234,40.05416,8342,8139.0,45,50.23,-5.23,Compressed,500.0,19.0,9500.0
555038191,胡大爷·灌饼·肉夹馍(安翔里店),蜂鸟准时达,,4.8,400+,人均¥15,20,3.1,116.38187,39.990743,4681,4637.7,36,44.03,-8.03,Compressed,400.0,15.0,6000.0
275155149,庆丰包子(朝阳庵店),蜂鸟全城达,品牌,4.7,500+,人均¥20,20,15.2,116.334117,39.93334,8342,8063.0,46,50.12,-4.12,Compressed,500.0,20.0,10000.0
1093464186,老广烧腊(车公庄店),蜂鸟全城达,,4.6,3000+,人均¥23,45,11.2,116.320805,39.932785,8077,8198.2,49,50.33,-1.33,Near expected,3000.0,23.0,69000.0
260058122,赣味小厨(安宁庄店),蜂鸟全城达,,4.7,4000+,人均¥16,60,4.1,116.32937,40.040591,6582,6751.3,52,48.77,3.23,Extended,4000.0,16.0,64000.0
1109093358,路边烧烤,蜂鸟全城达,,4.9,1000+,人均¥28,68,9.0,116.3725,39.94252,8278,9046.0,55,51.28,3.72,Extended,1000.0,28.0,28000.0
262319445,大鸭梨烤鸭(林萃路店),蜂鸟全城达,品牌,4.9,2000+,人均¥24,25,7.6,116.37228,40.03448,7151,7145.4,44,48.93,-4.93,Compressed,2000.0,24.0,48000.0
20004651309,西部马华清真牛肉面·烧烤(安贞桥店),蜂鸟全城达,品牌,4.6,2000+,人均¥24,20,15.2,116.40073,39.968182,8363,8259.3,49,50.4,-1.4,Near expected,2000.0,24.0,48000.0
275217092,庆丰包子铺(新街口店),蜂鸟全城达,品牌,4.8,600+,人均¥22,20,15.2,116.372842,39.9403,8487,8504.7,44,50.75,-6.75,Compressed,600.0,22.0,13200.0
264310406,美·大董(融科中心店),蜂鸟准时达,品牌,0.0,44,,20,4.1,116.326333,39.983562,1664,1692.0,38,26.5,11.5,Extended,44.0,,
20023823175,Super Model超模厨房(北京中关村店),蜂鸟准时达,品牌,4.9,3000+,人均¥17,15,0.1,116.314487,39.982753,2765,2881.5,38,34.96,3.04,Extended,3000.0,17.0,51000.0
264352166,汕头八合里海记牛肉店(牡丹园店),蜂鸟全城达,品牌,0.0,200+,人均¥64,50,2.0,116.366215,39.981572,3859,4026.2,42,42.12,-0.12,Near expected,200.0,64.0,12800.0
1107669069,長安記·大美陕菜(大钟寺1733店),蜂鸟准时达,,4.9,900+,人均¥45,35,1.2,116.343854,39.96653,3754,4175.9,46,42.68,3.32,Extended,900.0,45.0,40500.0
901191301,西部马华牛肉面·烧烤(海淀黄庄店),蜂鸟准时达,品牌,4.9,1000+,人均¥24,20,3.0,116.320325,39.976851,2944,3029.6,36,36.29,-0.29,Near expected,1000.0,24.0,24000.0
428433148,麦田归来·四季轻食(第D1档口橘猫精选美食城),蜂鸟准时达,品牌,4.9,6000+,人均¥16,15,0.1,116.34577,39.960462,4381,4646.5,44,44.05,-0.05,Near expected,6000.0,16.0,96000.0
20000662375,三元梅园·宫廷奶酪(科学园店),蜂鸟准时达,品牌,5.0,300+,,30,1.9,116.377482,39.997503,4532,4675.8,39,44.13,-5.13,Compressed,300.0,,
1093342175,景泰马记电烤串(北外店),蜂鸟准时达,,4.9,200+,人均¥30,15,6.7,116.317202,39.955503,5682,5865.4,52,48.64,3.36,Extended,200.0,30.0,6000.0
657561079,超级碗FOODBOWL(暖山店),蜂鸟全城达,品牌,5.0,3000+,人均¥29,30,14.0,116.415641,40.032383,11094,10691.2,44,52.88,-8.88,Compressed,3000.0,29.0,87000.0
571679021,川渝家常菜(马甸桥店),蜂鸟全城达,,4.6,1000+,人均¥17,35,12.4,116.378747,39.968917,6156,6429.1,75,48.74,26.26,Extended,1000.0,17.0,17000.0
20000144028,夺魁·荷叶烤鸡(安宁庄店),蜂鸟全城达,,5.0,100+,人均¥16,35,12.4,116.332242,40.03762,6283,6337.3,53,48.8,4.2,Extended,100.0,16.0,1600.0
20014507141,花花乐胶东小海鲜·烧烤·鲅鱼水饺(风味2北京北太平庄天外天烤鸭店),蜂鸟全城达,,4.8,1000+,人均¥36,40,6.9,116.37066,39.957445,6622,6777.2,52,48.79,3.21,Extended,1000.0,36.0,36000.0
233339249,COSTA咖啡(万柳店),蜂鸟准时达,品牌,5.0,900+,人均¥17,25,3.1,116.294687,39.973533,5327,5225.6,49,46.68,2.32,Extended,900.0,17.0,15300.0
20017838206,有堂古·甘草水果(北京清河万象汇店),蜂鸟准时达,,4.7,700+,,25,3.8,116.333337,40.030433,5329,5365.4,46,47.29,-1.29,Near expected,700.0,,
574791107,好适口(泰鑫源店),蜂鸟全城达,品牌,4.7,1000+,人均¥15,50,11.2,116.348229,40.032199,5395,5321.4,38,47.09,-9.09,Compressed,1000.0,15.0,15000.0
1103187114,向川南·市井川菜(和平里店),蜂鸟全城达,,4.6,1000+,人均¥24,35,11.6,116.417565,39.965169,10042,9963.9,63,52.19,10.81,Extended,1000.0,24.0,24000.0
687100371,赛百味·三明治(飘亮店),蜂鸟全城达,,4.9,1000+,人均¥23,35,9.8,116.409147,39.99776,7238,6854.7,46,48.82,-2.82,Compressed,1000.0,23.0,23000.0
1083806305,够粤·正宗隆江猪脚饭(风味1北京惠诚佳禾餐饮管理有限公司),蜂鸟全城达,品牌,3.7,55,,50,12.4,116.33257,40.042768,6508,6643.9,55,48.71,6.29,Extended,55.0,,
232755143,田老师红烧肉(奥林匹克公园店),蜂鸟准时达,品牌,5.0,1000+,人均¥17,35,3.7,116.392806,39.99939,5741,5456.3,49,47.71,1.29,Near expected,1000.0,17.0,17000.0
20002382177,川合成麻辣香锅(万柳店),蜂鸟准时达,,5.0,100+,人均¥41,30,3.8,116.295226,39.97339,5281,5225.6,47,46.68,0.32,Near expected,100.0,41.0,4100.0
266817492,华莱士·全鸡汉堡(五道口店),蜂鸟准时达,品牌,4.9,2000+,人均¥14,20,0.0,116.333984,39.988335,666,830.5,28,23.18,4.82,Extended,2000.0,14.0,28000.0
20010946398,晋状元刀削面(风味1北京乡晋来餐饮中心个人独资),蜂鸟准时达,,0.0,28,,30,0.0,116.333962,39.984697,1051,1132.1,23,24.27,-1.27,Near expected,28.0,,
275254151,CoCo都可(中关村海淀黄庄店),蜂鸟准时达,品牌,4.8,4000+,,20,0.0,116.316319,39.978156,3190,3198.5,37,37.64,-0.64,Near expected,4000.0,,
239246274,啊臻味道米粉·新疆炒米粉(乐食美食城第十五档口店),蜂鸟准时达,品牌,4.9,2000+,人均¥20,20,3.6,116.345922,39.959786,4393,4646.5,51,44.05,6.95,Extended,2000.0,20.0,40000.0
1062382468,庆丰包子铺(经贸大学店),蜂鸟全城达,品牌,4.7,300+,人均¥20,30,16.8,116.431235,39.980519,9830,10094.7,46,52.32,-6.32,Compressed,300.0,20.0,6000.0
20009252267,M Stand咖啡(北京枫蓝国际购物中心店),蜂鸟准时达,品牌,5.0,1000+,人均¥21,30,3.7,116.356605,39.952958,5966,6057.1,46,48.92,-2.92,Compressed,1000.0,21.0,21000.0
239539020,小天府川菜馆(魏公村店),蜂鸟全城达,,4.4,1000+,人均¥24,50,12.3,116.317168,39.950762,6205,6148.4,53,48.93,4.07,Extended,1000.0,24.0,24000.0
1113885017,湘宴·新湘菜,蜂鸟全城达,,4.5,600+,人均¥21,50,10.6,116.408785,39.994741,7562,6536.7,51,48.71,2.29,Extended,600.0,21.0,12600.0
1055676318,赛百味·三明治(师大店),蜂鸟全城达,,5.0,3000+,人均¥23,50,7.4,116.369002,39.957732,6446,6591.7,41,48.7,-7.7,Compressed,3000.0,23.0,69000.0
20016903096,李先生牛肉面(北京魏公村店),蜂鸟准时达,品牌,5.0,400+,人均¥27,29,6.0,116.324432,39.95112,5713,5649.3,43,48.16,-5.16,Compressed,400.0,27.0,10800.0
1092726367,太太好粥(风味1北京中良鑫达食品科技发展有限公司),蜂鸟全城达,品牌,4.9,2000+,人均¥14,30,10.8,116.423794,39.982452,9094,9046.3,51,51.28,-0.28,Near expected,2000.0,14.0,28000.0
1110413316,青年星厨·烤鸭(什刹海店),蜂鸟全城达,,4.8,1000+,人均¥31,20,13.4,116.395745,39.938024,10276,10368.5,51,52.59,-1.59,Near expected,1000.0,31.0,31000.0
20020556326,Super Model超模厨房(北京亚运村店),蜂鸟全城达,品牌,4.9,4000+,人均¥19,50,11.2,116.424605,39.9877,8486,8492.6,47,50.73,-3.73,Compressed,4000.0,19.0,76000.0
1066658079,赣湘苑土家菜·瓦罐汤(魏公村店),蜂鸟准时达,,3.9,200+,人均¥26,30,2.3,116.335307,39.953418,4491,4714.6,51,44.29,6.71,Extended,200.0,26.0,5200.0
401569221,临水居·新派川湘菜&家常菜(北洼路店),蜂鸟全城达,,4.9,700+,人均¥21,35,11.8,116.298001,39.936414,9115,8780.4,67,51.03,15.97,Extended,700.0,21.0,14700.0
1057620358,柳浪家园便民餐厅(上地店),蜂鸟全城达,,4.8,1000+,人均¥19,20,6.2,116.297219,40.02892,7411,7385.0,53,49.13,3.87,Extended,1000.0,19.0,19000.0
1089632453,弘赣宴·江西小炒(安定门店),蜂鸟全城达,,5.0,1000+,人均¥29,80,7.8,116.398776,39.963197,8467,8615.7,58,50.87,7.13,Extended,1000.0,29.0,29000.0
265912356,西部马华牛肉面清真(航天桥店),蜂鸟全城达,品牌,4.7,2000+,人均¥20,20,16.8,116.310659,39.926185,9249,9227.2,46,51.45,-5.45,Compressed,2000.0,20.0,40000.0
20005859223,塔斯汀·中国汉堡(魏公村店),蜂鸟准时达,品牌,4.8,5000+,人均¥18,20,5.6,116.317416,39.955471,5712,5833.7,57,48.58,8.42,Extended,5000.0,18.0,90000.0
20005517019,霸碗盖码饭(北京魏公村店),蜂鸟准时达,品牌,5.0,5000+,人均¥14,0,5.0,116.321962,39.953806,5544,6488.1,56,48.72,7.28,Extended,5000.0,14.0,70000.0
1092499409,麦当劳麦乐送(北京保福寺桥店),商家自配送,品牌,4.8,1000+,人均¥25,20,6.0,116.333918,39.985016,1086,1132.1,30,24.27,5.73,Extended,1000.0,25.0,25000.0
20015633308,KOI Thé(大融城茶手作店),蜂鸟准时达,品牌,5.0,5000+,人均¥21,25,1.6,116.311503,39.982027,3048,3154.7,47,37.3,9.7,Extended,5000.0,21.0,105000.0
1091726306,汉堡王(北京金码大厦31240店),蜂鸟准时达,,4.9,5000+,人均¥22,20,4.9,116.35,40.0,2589,2278.7,27,30.23,-3.23,Compressed,5000.0,22.0,110000.0
1098574384,和合谷·现炒更好吃(学清路店),蜂鸟准时达,品牌,4.8,2000+,人均¥18,20,0.0,116.35064,40.010695,3253,3363.8,38,38.65,-0.65,Near expected,2000.0,18.0,36000.0
240406130,湘彬萱·湘土菜(牡丹园店),蜂鸟准时达,,4.9,3000+,人均¥36,15,0.8,116.367719,39.978074,4390,4617.7,46,43.98,2.02,Extended,3000.0,36.0,108000.0
241105066,味口全饺子,蜂鸟准时达,,4.8,81,人均¥29,20,6.9,116.336263,39.95313,4508,4702.5,43,44.24,-1.24,Near expected,81.0,29.0,2349.0
369900196,太太好粥(五路居店),蜂鸟全城达,品牌,4.9,3000+,人均¥14,50,14.0,116.27796,39.93293,11073,10769.8,52,52.95,-0.95,Near expected,3000.0,14.0,42000.0
674677220,半天妖·烤鱼和大虾(北京飘亮购物中心店),蜂鸟全城达,品牌,4.6,200+,人均¥35,20,9.6,116.409055,39.998485,7034,6854.7,46,48.82,-2.82,Compressed,200.0,35.0,7000.0
675947455,赣南人家江西菜(亚运村店),蜂鸟全城达,品牌,5.0,1000+,人均¥27,30,6.6,116.411153,39.994574,7650,6646.2,46,48.71,-2.71,Compressed,1000.0,27.0,27000.0
674172453,鱼你在一起(北京能量城市广场店),蜂鸟全城达,品牌,4.5,98,人均¥30,0,15.2,116.2805,39.953199,8540,7976.7,47,49.97,-2.97,Compressed,98.0,30.0,2940.0
374384079,味多美生日蛋糕(惠新西街北口店),蜂鸟全城达,品牌,4.7,200+,,30,10.6,116.415355,39.988195,7633,7733.6,45,49.61,-4.61,Compressed,200.0,,
264348256,小北鲸饺子(宝盛里店),蜂鸟全城达,品牌,4.9,1000+,人均¥20,100,13.6,116.370161,40.036971,7236,7325.6,42,49.05,-7.05,Compressed,1000.0,20.0,20000.0
234463038,管氏翅吧(新街口店),蜂鸟全城达,品牌,4.9,900+,人均¥34,50,9.2,116.371848,39.940531,8380,8504.7,50,50.75,-0.75,Near expected,900.0,34.0,30600.0
274687008,汉堡王(苏州街27847),蜂鸟准时达,品牌,4.9,3000+,人均¥24,20,8.0,116.305954,39.976369,4059,4167.2,37,42.66,-5.66,Compressed,3000.0,24.0,72000.0
20007691404,湘盖盖·现炒湘菜·盖码饭(DT51商场店),蜂鸟全城达,,4.9,1000+,人均¥22,50,12.2,116.419469,39.999551,8063,7783.7,56,49.67,6.33,Extended,1000.0,22.0,22000.0
709487238,紫光园· 烤鸭 小馆(安立路店),蜂鸟全城达,品牌,4.6,700+,人均¥25,20,13.4,116.412291,40.026572,10162,9647.9,47,51.86,-4.86,Compressed,700.0,25.0,17500.0
20007358185,村上一屋·寿司·寿喜锅(枫蓝国际店),蜂鸟准时达,品牌,5.0,2000+,人均¥25,60,2.7,116.356253,39.952645,5990,6057.1,46,48.92,-2.92,Compressed,2000.0,25.0,50000.0
1069267167,老乡鸡(北京阜成门万通店),蜂鸟全城达,品牌,4.8,3000+,人均¥23,25,14.6,116.354436,39.922658,9143,9112.6,46,51.34,-5.34,Compressed,3000.0,23.0,69000.0
20000775456,遇见小面(肖家河华联店),蜂鸟全城达,品牌,5.0,1000+,人均¥19,20,11.2,116.271044,40.015574,8094,7842.8,48,49.76,-1.76,Near expected,1000.0,19.0,19000.0
708117119,老乡鸡(北京农大南路店),蜂鸟全城达,品牌,4.7,5000+,人均¥21,25,9.0,116.311398,40.027892,5921,6254.6,44,48.89,-4.89,Compressed,5000.0,21.0,105000.0
20008407259,豪大大·霸王脆皮鸡腿饭(第3号档口幸福超市美食城),蜂鸟准时达,,4.7,500+,人均¥11,35,1.5,116.351909,39.998528,2438,2463.2,26,31.37,-5.37,Compressed,500.0,11.0,5500.0
322950160,湘了个西湘菜(中关村图书大厦店),蜂鸟准时达,,4.8,800+,人均¥22,30,0.0,116.304042,39.984135,3458,3621.1,39,40.05,-1.05,Near expected,800.0,22.0,17600.0
20013229054,聚宝源(颐和园店),蜂鸟准时达,品牌,0.0,18,,50,0.0,116.307436,39.982633,3332,3384.2,38,38.76,-0.76,Near expected,18.0,,
239418051,西粉堂新疆米粉(人大店),蜂鸟准时达,品牌,4.9,2000+,人均¥25,20,2.3,116.325319,39.964524,3999,4081.3,45,42.33,2.67,Extended,2000.0,25.0,50000.0
20002597401,蜜雪冰城(林萃路华创店),蜂鸟准时达,品牌,4.8,1000+,,20,5.6,116.373254,40.010002,4944,4942.7,36,45.31,-9.31,Compressed,1000.0,,
537587251,蒸鲜生大闸蟹·小龙虾·海鲜(风味3北京西北艾萨餐饮管理有限公司),商家自配送,,5.0,800+,人均¥50,80,0.0,116.344077,39.961852,4101,4130.4,52,42.52,9.48,Extended,800.0,50.0,40000.0
240175174,小四川家常菜,蜂鸟全城达,,4.8,1000+,人均¥27,80,10.0,116.40704,39.954347,9803,10060.0,71,52.28,18.72,Extended,1000.0,27.0,27000.0
1088681152,油梨树AvocadoTree(枫蓝国际店),蜂鸟准时达,,4.7,2000+,人均¥31,20,3.7,116.356331,39.953069,5807,6057.1,44,48.92,-4.92,Compressed,2000.0,31.0,62000.0
447219338,渝是乎酸菜鱼(新奥店),蜂鸟全城达,品牌,4.9,1000+,人均¥22,50,7.4,116.3965,39.999021,6095,5934.4,49,48.75,0.25,Near expected,1000.0,22.0,22000.0
1109537300,尕妹子西域食府,蜂鸟全城达,,4.9,1000+,人均¥25,35,11.1,116.42787,40.002621,9049,8904.1,55,51.14,3.86,Extended,1000.0,25.0,25000.0
958954135,食醴湘,蜂鸟准时达,,4.8,300+,人均¥42,20,7.7,116.344757,40.029519,5281,4804.3,44,44.62,-0.62,Near expected,300.0,42.0,12600.0
577923451,天宫院小吃·专业包子炒肝儿(安宁庄店),蜂鸟全城达,,4.7,700+,人均¥19,50,12.4,116.3324,40.040315,6323,6395.7,48,48.76,-0.76,Near expected,700.0,19.0,13300.0
321091402,味多美生日蛋糕(安贞桥东店),蜂鸟准时达,品牌,4.8,1000+,,30,13.8,116.411622,39.968641,9058,9129.6,57,51.36,5.64,Extended,1000.0,,
236360352,比格比萨(阜成门店),蜂鸟全城达,品牌,4.9,1000+,人均¥22,30,10.2,116.352507,39.923984,8978,8891.7,51,51.13,-0.13,Near expected,1000.0,22.0,22000.0
240764114,花花乐烧烤·渔家菜(安德路店),蜂鸟全城达,,4.8,800+,人均¥27,40,9.4,116.39849,39.951597,9582,9678.1,67,51.9,15.1,Extended,800.0,27.0,21600.0
262586170,湘乡楼地道湘菜(西二旗店),蜂鸟全城达,,4.9,1000+,人均¥22,50,9.2,116.313499,40.053183,9000,9235.1,52,51.46,0.54,Near expected,1000.0,22.0,22000.0
20009917385,西部马华牛肉面·烧烤(车公庄店),蜂鸟全城达,品牌,5.0,1000+,人均¥23,20,13.6,116.354217,39.932864,7625,7659.7,47,49.5,-2.5,Compressed,1000.0,23.0,23000.0
275229091,庆丰包子铺(安东店),蜂鸟全城达,品牌,4.6,300+,人均¥18,20,16.8,116.393173,39.956738,9026,8899.6,45,51.14,-6.14,Compressed,300.0,18.0,5400.0
1055146084,海天巫山烤鱼·川湘菜(海天酒楼安翔里店),蜂鸟准时达,,4.9,900+,人均¥35,20,1.9,116.381372,39.991525,4638,4563.2,48,43.83,4.17,Extended,900.0,35.0,31500.0
260369346,东方饺子王(北师大店),蜂鸟全城达,品牌,4.9,1000+,人均¥30,30,7.4,116.370733,39.960988,6159,6465.3,42,48.73,-6.73,Compressed,1000.0,30.0,30000.0
1113558185,一碗赌上厨师生涯的炒饭·王者炒饭(第六号档口吉祥厨房美食城),蜂鸟准时达,,4.7,1000+,,1,0.0,116.327424,39.984964,1423,1482.6,31,25.57,5.43,Extended,1000.0,,
20017217061,巷子饭堂·老盒饭(第12档口禾留香美食城),蜂鸟准时达,,4.8,700+,人均¥10,15,0.0,116.352176,39.9997,2548,2441.0,33,31.27,1.73,Near expected,700.0,10.0,7000.0
20009459108,LINLEE林里·手打柠檬茶(海淀1733抖音总部店),蜂鸟准时达,品牌,4.9,400+,人均¥13,15,1.5,116.34241,39.967197,3644,3554.8,38,39.65,-1.65,Near expected,400.0,13.0,5200.0
676618063,醉面·肉酱面牛肉面(华宇商场店),蜂鸟准时达,,4.8,500+,人均¥18,20,0.3,116.322958,39.965588,3978,4065.1,50,42.27,7.73,Extended,500.0,18.0,9000.0
20019869287,笨辣椒,蜂鸟准时达,,4.7,1000+,人均¥22,15,0.8,116.304956,39.987956,3556,4084.9,41,42.34,-1.34,Near expected,1000.0,22.0,22000.0
20006399364,鸡汤焖饭·手枪腿饭(四道口店),蜂鸟准时达,,4.8,700+,人均¥12,0,0.8,116.345335,39.95935,4388,4646.5,42,44.05,-2.05,Compressed,700.0,12.0,8400.0
321110400,味多美生日蛋糕(北沙滩店),蜂鸟准时达,品牌,4.9,1000+,,30,2.3,116.373914,40.001905,4426,4443.7,37,43.53,-6.53,Compressed,1000.0,,
241533029,伊鼎香牛肉面(第五号档口南沙滩五建宿舍美食城店),蜂鸟准时达,,5.0,100+,人均¥20,20,6.1,116.376381,39.997281,4403,4672.9,43,44.12,-1.12,Near expected,100.0,20.0,2000.0
239951126,巫山烤全鱼(大屯路店),蜂鸟准时达,,4.8,500+,人均¥32,30,0.0,116.376073,40.00135,4667,4620.6,38,43.99,-5.99,Compressed,500.0,32.0,16000.0
260378326,东方饺子王(健德桥店),蜂鸟准时达,品牌,4.9,700+,人均¥29,30,3.9,116.380128,39.976298,5479,5590.4,46,48.02,-2.02,Compressed,700.0,29.0,20300.0
376372365,赛百味·三明治(上地环岛店),蜂鸟全城达,,4.8,900+,人均¥23,50,8.6,116.309394,40.037806,7022,6962.6,48,48.85,-0.85,Near expected,900.0,23.0,20700.0
263989467,麻辣村香锅烤鱼(第1号档口南门美食城),商家自配送,,4.8,500+,人均¥29,58,0.0,116.360291,39.954297,6054,6334.0,54,48.81,5.19,Extended,500.0,29.0,14500.0
275144149,庆丰包子铺(永泰庄店),蜂鸟全城达,品牌,5.0,200+,人均¥25,30,12.4,116.353941,40.037033,6354,6293.9,42,48.85,-6.85,Compressed,200.0,25.0,5000.0
410070279,临沂铁锅炒鸡·大山走地鸡(第7号档口百食汇美食城),商家自配送,,5.0,300+,人均¥34,40,13.0,116.341921,40.060282,8925,8976.6,59,51.21,7.79,Extended,300.0,34.0,10200.0
266002038,西部马华牛肉面·烧烤·清真(为公桥店),蜂鸟全城达,品牌,4.9,3000+,人均¥19,20,11.2,116.308779,39.956397,5897,5895.0,43,48.69,-5.69,Compressed,3000.0,19.0,57000.0
20025055125,魏家凉皮(万柳店),蜂鸟准时达,,5.0,35,,20,7.7,116.29739,39.966798,5985,5983.6,49,48.83,0.17,Near expected,35.0,,
376419145,赛百味·三明治(互创中心店),蜂鸟全城达,,4.7,1000+,人均¥22,50,13.4,116.279886,40.047533,10671,10551.3,42,52.76,-10.76,Compressed,1000.0,22.0,22000.0
321038429,味多美生日蛋糕(航天桥店),蜂鸟准时达,品牌,4.8,1000+,,30,13.8,116.310648,39.926937,9179,9180.3,43,51.4,-8.4,Compressed,1000.0,,
275180115,庆丰包子铺(西直门南小街店),蜂鸟全城达,品牌,4.8,400+,人均¥19,20,15.2,116.359746,39.929904,8380,8508.2,47,50.75,-3.75,Compressed,400.0,19.0,7600.0
293239445,赛百味·三明治(北辰店),蜂鸟准时达,,4.9,1000+,人均¥23,20,4.0,116.388066,39.999394,5340,5213.5,38,46.63,-8.63,Compressed,1000.0,23.0,23000.0
557366277,老乡鸡(北京五道口店),蜂鸟准时达,品牌,4.8,5000+,人均¥22,20,2.9,116.339085,39.991786,714,700.1,20,22.73,-2.73,Compressed,5000.0,22.0,110000.0
20023820381,江小畔湘菜小炒(五道口店),蜂鸟准时达,,5.0,100+,人均¥20,15,0.0,116.333791,39.988498,664,830.5,15,23.18,-8.18,Compressed,100.0,20.0,2000.0
20004150040,曹氏鸭脖(五道口店),蜂鸟准时达,,4.9,1000+,人均¥20,30,0.0,116.340372,39.999549,1455,1406.5,20,25.28,-5.28,Compressed,1000.0,20.0,20000.0
20019708250,大碗湘肉汤泡饭(双安商场店),蜂鸟准时达,,4.5,700+,人均¥21,25,0.3,116.326273,39.966598,3622,3732.6,54,40.74,13.26,Extended,700.0,21.0,14700.0
20019258369,麦小六健康餐·沙拉·三明治(人民大学店),蜂鸟准时达,,4.8,1000+,人均¥17,15,2.1,116.324499,39.964623,4137,4174.6,48,42.68,5.32,Extended,1000.0,17.0,17000.0
315567377,沙县小吃(大屯路店),蜂鸟准时达,,4.9,1000+,人均¥14,20,3.3,116.376127,40.001369,4658,4620.6,40,43.99,-3.99,Compressed,1000.0,14.0,14000.0
1090181286,霸蛮湖南菜·牛肉粉(北京西三旗店),蜂鸟全城达,品牌,4.9,1000+,人均¥25,25,14.9,116.366601,40.061788,10513,10159.4,45,52.38,-7.38,Compressed,1000.0,25.0,25000.0
20003223470,庆丰包子铺(北投购物公园店),蜂鸟全城达,品牌,4.6,200+,人均¥20,20,10.6,116.404944,39.978807,7760,7828.2,48,49.74,-1.74,Near expected,200.0,20.0,4000.0
264742177,錦府盐帮·川菜(远大金源店),蜂鸟全城达,,4.9,1000+,人均¥32,50,7.6,116.2897,39.958332,7214,6824.9,49,48.81,0.19,Near expected,1000.0,32.0,32000.0
20005178409,京城望京烧烤·小腰·小龙虾(第B8档口乐享厨美食城),商家自配送,,4.8,1000+,人均¥23,100,10.0,116.422721,39.999235,8177,8119.7,52,50.21,1.79,Near expected,1000.0,23.0,23000.0
391403012,蜀龙码头·金牌水煮鱼(惠新西街店),蜂鸟全城达,,5.0,400+,人均¥44,50,8.8,116.422713,39.976897,9081,9289.7,52,51.51,0.49,Near expected,400.0,44.0,17600.0
1060109081,CoCo都可(世纪金源一楼店),蜂鸟全城达,品牌,4.9,1000+,,20,10.8,116.288075,39.958786,7231,7210.4,54,48.96,5.04,Extended,1000.0,,
20014101267,李亖喜重庆小面&铁瓢米线(北京科技大学店),蜂鸟准时达,,4.8,500+,人均¥18,20,2.7,116.368959,39.991544,3464,3368.0,33,38.67,-5.67,Compressed,500.0,18.0,9000.0
1107332060,渝味村川菜馆(西三旗店),蜂鸟全城达,,4.5,200+,人均¥34,35,8.4,116.342357,40.059294,8845,8961.2,61,51.2,9.8,Extended,200.0,34.0,6800.0
20000893109,咱回家·东北家常菜·川湘菜(永泰庄店),蜂鸟准时达,,4.9,300+,人均¥37,35,0.9,116.347552,40.032657,5433,5321.4,48,47.09,0.91,Near expected,300.0,37.0,11100.0
572545046,麦田归来·四季轻食(第一档口华光商厦美食城),蜂鸟全城达,品牌,4.9,4000+,人均¥17,50,12.4,116.301937,39.924533,10288,10040.2,61,52.26,8.74,Extended,4000.0,17.0,68000.0
1098067463,豫石记羊汤(北邮店),蜂鸟全城达,,4.9,1000+,人均¥19,35,7.7,116.360004,39.958229,5653,5935.2,41,48.76,-7.76,Compressed,1000.0,19.0,19000.0
1106995427,Manner Coffee(北京北辰荟店),蜂鸟准时达,品牌,4.9,1000+,人均¥17,50,9.7,116.387854,40.002643,5621,5672.2,46,48.21,-2.21,Compressed,1000.0,17.0,17000.0
240433073,金手勺,蜂鸟全城达,,4.7,400+,人均¥36,35,13.6,116.406447,40.005673,7501,7431.7,60,49.14,10.86,Extended,400.0,36.0,14400.0
1096859479,Peet's Coffee皮爷咖啡(颐和星悦荟店),蜂鸟准时达,品牌,5.0,800+,人均¥27,30,8.1,116.289847,39.998435,4743,4765.7,47,44.45,2.55,Extended,800.0,27.0,21600.0
240171421,同春园饭店(新街口店),蜂鸟全城达,,4.6,900+,人均¥34,20,12.4,116.371078,39.958618,6423,6770.2,63,48.78,14.22,Extended,900.0,34.0,30600.0
240162449,华天延吉餐厅(西四北大街店),蜂鸟全城达,,5.0,900+,人均¥37,50,11.8,116.373153,39.926544,9967,9853.2,55,52.07,2.93,Extended,900.0,37.0,33300.0
20012748308,成都你六姐·牛肉冒菜(北京枫蓝店),蜂鸟准时达,,4.9,2000+,人均¥22,20,4.2,116.356549,39.953268,5807,5875.4,51,48.65,2.35,Extended,2000.0,22.0,44000.0
384727088,湘人龙记老长沙原汤米粉·长沙小吃(中关村店),蜂鸟准时达,,4.7,1000+,人均¥21,20,0.0,116.314746,39.981911,2809,2837.1,37,34.54,2.46,Extended,1000.0,21.0,21000.0
20019396100,潮汕牛肉饭·健康减脂餐(第14档口京食美食城),蜂鸟准时达,,5.0,4000+,人均¥12,0,0.7,116.351083,40.010812,3292,3363.8,35,38.65,-3.65,Compressed,4000.0,12.0,48000.0
271115244,金丝特餐厅,蜂鸟准时达,,4.8,1000+,人均¥27,15,5.3,116.340399,39.963863,3763,3818.2,51,41.21,9.79,Extended,1000.0,27.0,27000.0
239606216,禾声福酒家,蜂鸟全城达,,4.9,200+,人均¥29,35,7.2,116.300864,39.945818,8060,7911.5,59,49.86,9.14,Extended,200.0,29.0,5800.0
293223480,赛百味·三明治(西三旗店),蜂鸟全城达,,5.0,700+,人均¥22,50,8.6,116.337067,40.047339,7636,7424.7,43,49.14,-6.14,Compressed,700.0,22.0,15400.0
238922162,大鸭梨烤鸭(小营店),蜂鸟全城达,品牌,4.9,900+,人均¥28,25,10.8,116.427448,39.993943,9066,8157.3,45,50.26,-5.26,Compressed,900.0,28.0,25200.0
1093094258,阿华抄手(万柳中路店),蜂鸟准时达,,4.7,200+,人均¥22,29,2.3,116.296646,39.967891,5876,5722.0,51,48.33,2.67,Extended,200.0,22.0,4400.0
1105996194,1980·老盒饭(万柳店),蜂鸟准时达,,4.8,1000+,人均¥14,50,1.7,116.293868,39.967584,6055,5933.5,49,48.75,0.25,Near expected,1000.0,14.0,14000.0
288830196,北京稻香村第二十四营业部(交大东路店),蜂鸟准时达,品牌,4.8,95,,40,11.8,116.349662,39.946885,5842,6136.1,44,48.93,-4.93,Compressed,95.0,,
20005344085,D.STEAK原切牛排(第1号档口九洲美食城),蜂鸟准时达,,4.8,400+,人均¥22,20,5.5,116.321625,39.953854,5574,6488.1,52,48.72,3.28,Extended,400.0,22.0,8800.0
20000126472,暖燕·姨妈热饮·现炖燕窝(清河店),商家自配送,品牌,4.9,800+,人均¥20,25,7.8,116.339789,40.02962,5282,5121.6,35,46.21,-11.21,Compressed,800.0,20.0,16000.0
20023553300,越来越湘大酒楼(魏公村店),蜂鸟准时达,,4.9,100+,人均¥20,15,0.1,116.324399,39.953473,5436,5434.4,52,47.63,4.37,Extended,100.0,20.0,2000.0
407162171,锦渝川菜(农大店),蜂鸟全城达,,5.0,1000+,人均¥31,50,7.6,116.279212,40.024324,7829,7800.3,57,49.7,7.3,Extended,1000.0,31.0,31000.0
